"sample_id","chl_a_per_cm2","brightness_group","Red","Green","Blue","t","site","depth","spec","size","replicate"
"2ESAL001P",6.66889090489055,"dark",40.0355276907001,32.5527690700104,36.9676071055381,"2","E2B","5 m","A. hya","Adult",1
"2ESAL001P",6.66889090489055,"mid",127.362779740872,109.511189634865,109.939929328622,"2","E2B","5 m","A. hya","Adult",1
"2ESAL001P",6.66889090489055,"bright",183.124352331606,158.424870466321,153.279792746114,"2","E2B","5 m","A. hya","Adult",1
"2ESAL002P",4.53928368147403,"dark",46.0185185185185,34.8555555555556,42.5555555555556,"2","E2B","5 m","A. hya","Adult",2
"2ESAL002P",4.53928368147403,"mid",125.991610738255,100.236577181208,95.6744966442953,"2","E2B","5 m","A. hya","Adult",2
"2ESAL002P",4.53928368147403,"bright",212.775462962963,167.310185185185,148.362268518519,"2","E2B","5 m","A. hya","Adult",2
"2ESAL003P",5.4953255078255,"dark",39.6192271442036,31.5862393967955,33.1922714420358,"2","E2B","5 m","A. hya","Adult",3
"2ESAL003P",5.4953255078255,"mid",126.147255689424,97.6706827309237,90.9892904953146,"2","E2B","5 m","A. hya","Adult",3
"2ESAL003P",5.4953255078255,"bright",188.3125,142.682291666667,131.104166666667,"2","E2B","5 m","A. hya","Adult",3
"2ESAL004P",3.17650133136094,"dark",42.0986639260021,34.382322713258,35.5200411099692,"2","E2B","5 m","A. hya","Adult",4
"2ESAL004P",3.17650133136094,"mid",120.418103448276,106.052801724138,98.3706896551724,"2","E2B","5 m","A. hya","Adult",4
"2ESAL004P",3.17650133136094,"bright",177.666666666667,155.161616161616,138.949494949495,"2","E2B","5 m","A. hya","Adult",4
"2ESAL005P",3.81192313284477,"dark",52.8486055776892,48.269588313413,47.2363877822045,"2","E2B","5 m","A. hya","Adult",5
"2ESAL005P",3.81192313284477,"mid",120.04912572856,106.134887593672,97.0283097418818,"2","E2B","5 m","A. hya","Adult",5
"2ESAL005P",3.81192313284477,"bright",178.391304347826,158.695652173913,146.521739130435,"2","E2B","5 m","A. hya","Adult",5
"2ESAL006P",6.78595382204003,"dark",50.5545454545455,36.187012987013,38.4753246753247,"2","E2B","5 m","A. hya","Adult",6
"2ESAL006P",6.78595382204003,"mid",124.427046263345,90.5041518386714,83.520759193357,"2","E2B","5 m","A. hya","Adult",6
"2ESAL006P",6.78595382204003,"bright",203.919896640827,147.925064599483,130.708010335917,"2","E2B","5 m","A. hya","Adult",6
"2ESAL008P",6.38254621896323,"dark",41.2100954979536,39.7994542974079,48.6084583901774,"2","E2B","5 m","A. hya","Adult",8
"2ESAL008P",6.38254621896323,"mid",122.719642857143,113.521428571429,114.901785714286,"2","E2B","5 m","A. hya","Adult",8
"2ESAL008P",6.38254621896323,"bright",174.068027210884,157.727891156463,152.884353741497,"2","E2B","5 m","A. hya","Adult",8
"2ESAL011P",2.72791061866826,"dark",32.8435517970402,20.7758985200846,18.3044397463002,"2","E2B","5 m","A. hya","Adult",11
"2ESAL011P",2.72791061866826,"mid",127.774066797642,103.489194499018,90.1866404715128,"2","E2B","5 m","A. hya","Adult",11
"2ESAL011P",2.72791061866826,"bright",210.045871559633,178.928440366972,155.497247706422,"2","E2B","5 m","A. hya","Adult",11
"2ESAL012P",4.35476280910885,"dark",39.5355392156863,32.375,23.8958333333333,"2","E2B","5 m","A. hya","Adult",12
"2ESAL012P",4.35476280910885,"mid",123.525773195876,104.158075601375,82.0790378006873,"2","E2B","5 m","A. hya","Adult",12
"2ESAL012P",4.35476280910885,"bright",210.579734219269,179.749169435216,151.504983388704,"2","E2B","5 m","A. hya","Adult",12
"2ESAL013P",5.62019669876907,"dark",43.4809384164223,28.1686217008798,31.3489736070381,"2","E2B","5 m","A. hya","Adult",13
"2ESAL013P",5.62019669876907,"mid",128.518292682927,84.910569105691,77.3963414634146,"2","E2B","5 m","A. hya","Adult",13
"2ESAL013P",5.62019669876907,"bright",230.692493946731,175.164648910412,145.108958837772,"2","E2B","5 m","A. hya","Adult",13
"2ESAL015P",2.11654883457644,"dark",55.3912337662338,42.1574675324675,33.1801948051948,"2","E2B","5 m","A. hya","Adult",15
"2ESAL015P",2.11654883457644,"mid",119.304380103935,99.8567186340015,86.5538233110616,"2","E2B","5 m","A. hya","Adult",15
"2ESAL015P",2.11654883457644,"bright",178.756756756757,147.324324324324,124.864864864865,"2","E2B","5 m","A. hya","Adult",15
"2ESAL016P",2.06196330142738,"dark",57.9547413793103,47.3448275862069,40.2543103448276,"2","E2B","5 m","A. hya","Adult",16
"2ESAL016P",2.06196330142738,"mid",128.890557939914,112.362660944206,98.1473533619456,"2","E2B","5 m","A. hya","Adult",16
"2ESAL016P",2.06196330142738,"bright",178.572463768116,158.572463768116,145.782608695652,"2","E2B","5 m","A. hya","Adult",16
"2ESAL019P",4.77296410721546,"dark",34.8642533936652,32.827149321267,36.9266968325792,"2","E2B","5 m","A. hya","Adult",19
"2ESAL019P",4.77296410721546,"mid",124.7166454892,110.447268106734,102.921219822109,"2","E2B","5 m","A. hya","Adult",19
"2ESAL019P",4.77296410721546,"bright",181.803738317757,156.140186915888,139.009345794393,"2","E2B","5 m","A. hya","Adult",19
"2ESAL020P",2.13160023166193,"dark",46.4415274463007,44.2613365155131,35.3389021479714,"2","E2B","5 m","A. hya","Adult",20
"2ESAL020P",2.13160023166193,"mid",122.742830712303,113.666975023127,96.8603145235893,"2","E2B","5 m","A. hya","Adult",20
"2ESAL020P",2.13160023166193,"bright",175.41975308642,159.666666666667,141.296296296296,"2","E2B","5 m","A. hya","Adult",20
"2ESAL026P",3.83032452057145,"dark",48.8674863387978,36.7568306010929,26.0806010928962,"2","E2B","5 m","A. hya","Adult",26
"2ESAL026P",3.83032452057145,"mid",124.049808429119,96.837803320562,77.0625798212005,"2","E2B","5 m","A. hya","Adult",26
"2ESAL026P",3.83032452057145,"bright",202.303092783505,156.053608247423,131.579381443299,"2","E2B","5 m","A. hya","Adult",26
"2ESAL027P",5.56008927912209,"dark",47.2070422535211,39.9211267605634,36.7647887323944,"2","E2B","5 m","A. hya","Adult",27
"2ESAL027P",5.56008927912209,"mid",126.15462962963,106.872222222222,96.6231481481481,"2","E2B","5 m","A. hya","Adult",27
"2ESAL027P",5.56008927912209,"bright",186.157142857143,156.461904761905,143.633333333333,"2","E2B","5 m","A. hya","Adult",27
"2ESAL028P",2.32421464023567,"dark",45.3656126482213,38.5474308300395,31.0573122529644,"2","E2B","5 m","A. hya","Adult",28
"2ESAL028P",2.32421464023567,"mid",131.044052863436,114.240822320117,96.0983847283407,"2","E2B","5 m","A. hya","Adult",28
"2ESAL028P",2.32421464023567,"bright",206.858548585486,184.306273062731,159.178351783518,"2","E2B","5 m","A. hya","Adult",28
"2ESAL029P",2.10255279347745,"dark",59.520782396088,44.1466992665037,33.2444987775061,"2","E2B","5 m","A. hya","Adult",29
"2ESAL029P",2.10255279347745,"mid",133.346058091286,110.034024896266,94.0248962655602,"2","E2B","5 m","A. hya","Adult",29
"2ESAL029P",2.10255279347745,"bright",182.085492227979,154.790155440415,137.709844559585,"2","E2B","5 m","A. hya","Adult",29
"2ESAL033P",5.79902972894145,"dark",31.7569676700111,24.2095875139353,27.8461538461538,"2","E2B","5 m","A. hya","Adult",33
"2ESAL033P",5.79902972894145,"mid",125.931714719272,106.133535660091,99.2716236722306,"2","E2B","5 m","A. hya","Adult",33
"2ESAL033P",5.79902972894145,"bright",203.288288288288,170.995495495496,152.099099099099,"2","E2B","5 m","A. hya","Adult",33
"2ESAL035P",5.69329333437251,"dark",31.0448154657294,27.7152899824253,28.9920913884007,"2","E2B","5 m","A. hya","Adult",35
"2ESAL035P",5.69329333437251,"mid",115.993015133877,109.052386495925,104.804423748545,"2","E2B","5 m","A. hya","Adult",35
"2ESAL035P",5.69329333437251,"bright",180,167,150,"2","E2B","5 m","A. hya","Adult",35
"2ESML001P",1.72403878594415,"dark",51.2603773584906,24.788679245283,18.9566037735849,"2","E2B","5 m","P. mea","Adult",1
"2ESML001P",1.72403878594415,"mid",123.424324324324,60.4513513513513,44.1108108108108,"2","E2B","5 m","P. mea","Adult",1
"2ESML001P",1.72403878594415,"bright",243.572727272727,200.058181818182,162.181818181818,"2","E2B","5 m","P. mea","Adult",1
"2ESML002P",0.812531121169936,"dark",31.056967572305,32.45574057844,40.1560035056968,"2","E2B","5 m","P. mea","Adult",2
"2ESML002P",0.812531121169936,"mid",78.3713620488941,86.5960419091967,103.204889406286,"2","E2B","5 m","P. mea","Adult",2
"2ESML003P",3.01228486272653,"dark",40.877308707124,22.6279683377309,19.9379947229551,"2","E2B","5 m","P. mea","Adult",3
"2ESML003P",3.01228486272653,"mid",124.93,86.7525,67.865,"2","E2B","5 m","P. mea","Adult",3
"2ESML003P",3.01228486272653,"bright",232.501187648456,187.283847980998,150.640142517815,"2","E2B","5 m","P. mea","Adult",3
"2ESML004P",0.679026129442192,"dark",37.4718826405868,27.8777506112469,30.3117359413203,"2","E2B","5 m","P. mea","Adult",4
"2ESML004P",0.679026129442192,"mid",126.758985200846,107.743128964059,96.7526427061311,"2","E2B","5 m","P. mea","Adult",4
"2ESML004P",0.679026129442192,"bright",185.436440677966,157.266949152542,132.309322033898,"2","E2B","5 m","P. mea","Adult",4
"2ESML005P",6.68696661948949,"dark",28.4460641399417,26.9912536443149,38.7716229348882,"2","E2B","5 m","P. mea","Adult",5
"2ESML005P",6.68696661948949,"mid",116.921167883212,104.143065693431,107.70802919708,"2","E2B","5 m","P. mea","Adult",5
"2ESML005P",6.68696661948949,"bright",191.520979020979,163.195804195804,152.891608391608,"2","E2B","5 m","P. mea","Adult",5
"2ESML007P",1.68195715175321,"dark",36.397823458283,22.8609431680774,23.7569528415961,"2","E2B","5 m","P. mea","Adult",7
"2ESML007P",1.68195715175321,"mid",131.63184079602,100.546019900498,90.6194029850746,"2","E2B","5 m","P. mea","Adult",7
"2ESML007P",1.68195715175321,"bright",185.30081300813,146.162601626016,134.059620596206,"2","E2B","5 m","P. mea","Adult",7
"2ESML009P",5.19486246503133,"dark",50.261780104712,22.7731239092496,20.1849912739965,"2","E2B","5 m","P. mea","Adult",9
"2ESML009P",5.19486246503133,"mid",126.168016194332,67.6295546558705,52.2955465587045,"2","E2B","5 m","P. mea","Adult",9
"2ESML009P",5.19486246503133,"bright",232.989281886388,152.786709539121,113.869239013934,"2","E2B","5 m","P. mea","Adult",9
"2ESML011P",2.14356924299588,"dark",34.8740031897927,29.88995215311,39.1834130781499,"2","E2B","5 m","P. mea","Adult",11
"2ESML011P",2.14356924299588,"mid",123.632075471698,111.047169811321,113.356132075472,"2","E2B","5 m","P. mea","Adult",11
"2ESML011P",2.14356924299588,"bright",223.706666666667,183.565714285714,156.979047619048,"2","E2B","5 m","P. mea","Adult",11
"2ESML012P",2.07465479166931,"dark",24.063599458728,34.9675236806495,52.3369418132612,"2","E2B","5 m","P. mea","Adult",12
"2ESML012P",2.07465479166931,"mid",74.2879499217527,100.107981220657,127.708920187793,"2","E2B","5 m","P. mea","Adult",12
"2ESML012P",2.07465479166931,"bright",128.509646302251,171.881028938907,211.001607717042,"2","E2B","5 m","P. mea","Adult",12
"2ESML013P",1.91999724258995,"dark",40.6213183730715,26.0575035063114,23.2552594670407,"2","E2B","5 m","P. mea","Adult",13
"2ESML013P",1.91999724258995,"mid",124.868852459016,95.6049180327869,78.6508196721311,"2","E2B","5 m","P. mea","Adult",13
"2ESML013P",1.91999724258995,"bright",219.609467455621,174.541420118343,140.39349112426,"2","E2B","5 m","P. mea","Adult",13
"2ESML014P",1.6092860677371,"dark",35.4411764705882,25.1886409736308,23.6156186612576,"2","E2B","5 m","P. mea","Adult",14
"2ESML014P",1.6092860677371,"mid",128.109259259259,110.014814814815,97.4666666666667,"2","E2B","5 m","P. mea","Adult",14
"2ESML014P",1.6092860677371,"bright",188.898734177215,168.059071729958,152.206751054852,"2","E2B","5 m","P. mea","Adult",14
"2ESML015P",2.05234917247296,"dark",34.6347305389222,27.7864271457086,28.5688622754491,"2","E2B","5 m","P. mea","Adult",15
"2ESML015P",2.05234917247296,"mid",126.851767388826,109.450399087799,101.596351197263,"2","E2B","5 m","P. mea","Adult",15
"2ESML015P",2.05234917247296,"bright",181.158333333333,158.891666666667,147.483333333333,"2","E2B","5 m","P. mea","Adult",15
"2ESML016P",1.94461894252311,"dark",26.6095890410959,22.4297945205479,37.0616438356164,"2","E2B","5 m","P. mea","Adult",16
"2ESML016P",1.94461894252311,"mid",112.710292249047,101.147395171537,117.476493011436,"2","E2B","5 m","P. mea","Adult",16
"2ESML016P",1.94461894252311,"bright",200.733333333333,155.688888888889,144.711111111111,"2","E2B","5 m","P. mea","Adult",16
"2ESML017P",1.0638973826739,"dark",43.3496835443038,27.6044303797468,29.2594936708861,"2","E2B","5 m","P. mea","Adult",17
"2ESML017P",1.0638973826739,"mid",130.298342541436,94.6942909760589,85.5303867403315,"2","E2B","5 m","P. mea","Adult",17
"2ESML017P",1.0638973826739,"bright",218.352727272727,165.461818181818,130.01696969697,"2","E2B","5 m","P. mea","Adult",17
"2ESML021P",4.1354388232898,"dark",48.7,33.7402777777778,25.1958333333333,"2","E2B","5 m","P. mea","Adult",21
"2ESML021P",4.1354388232898,"mid",130.122929380994,106.653879686138,89.4263295553618,"2","E2B","5 m","P. mea","Adult",21
"2ESML021P",4.1354388232898,"bright",177.481203007519,150,133.195488721805,"2","E2B","5 m","P. mea","Adult",21
"2ESML023P",1.27634078907492,"dark",38.6627534685165,28.0779082177161,20.6563500533618,"2","E2B","5 m","P. mea","Adult",23
"2ESML023P",1.27634078907492,"mid",130.410041841004,110.379707112971,89.2123430962343,"2","E2B","5 m","P. mea","Adult",23
"2ESML023P",1.27634078907492,"bright",181.056603773585,158.122641509434,133.858490566038,"2","E2B","5 m","P. mea","Adult",23
"2ESML024P",2.51859102178745,"dark",49.9065789473684,34.2434210526316,26.5210526315789,"2","E2B","5 m","P. mea","Adult",24
"2ESML024P",2.51859102178745,"mid",128.448337825696,100.772686433064,82.7304582210243,"2","E2B","5 m","P. mea","Adult",24
"2ESML024P",2.51859102178745,"bright",180.322834645669,148.07874015748,125.708661417323,"2","E2B","5 m","P. mea","Adult",24
"2ESML025P",2.50265914834946,"dark",45.9530864197531,27.4345679012346,22.3456790123457,"2","E2B","5 m","P. mea","Adult",25
"2ESML025P",2.50265914834946,"mid",129.666666666667,101.064971751412,85.2551789077213,"2","E2B","5 m","P. mea","Adult",25
"2ESML025P",2.50265914834946,"bright",178.765625,145.5234375,125.625,"2","E2B","5 m","P. mea","Adult",25
"2ESML026P",2.72869466469985,"dark",42.4415274463007,31.5071599045346,28.2064439140811,"2","E2B","5 m","P. mea","Adult",26
"2ESML026P",2.72869466469985,"mid",121.996536796537,105.851948051948,96.1238095238095,"2","E2B","5 m","P. mea","Adult",26
"2ESML026P",2.72869466469985,"bright",163.571428571429,145.571428571429,138.285714285714,"2","E2B","5 m","P. mea","Adult",26
"2ESML032P",2.19009284806104,"dark",38.2943143812709,26.5696767001115,22.6053511705686,"2","E2B","5 m","P. mea","Adult",32
"2ESML032P",2.19009284806104,"mid",127.197628458498,91.199604743083,68.0177865612648,"2","E2B","5 m","P. mea","Adult",32
"2ESML032P",2.19009284806104,"bright",226.255033557047,167.959731543624,131.236577181208,"2","E2B","5 m","P. mea","Adult",32
"2ESPL002P",3.26365124054499,"dark",38.809199318569,38.5195911413969,46.5502555366269,"2","E2B","5 m","P. ver","Adult",2
"2ESPL002P",3.26365124054499,"mid",116.567119155354,112.873303167421,115.009049773756,"2","E2B","5 m","P. ver","Adult",2
"2ESPL002P",3.26365124054499,"bright",225.628,207.941333333333,179.668,"2","E2B","5 m","P. ver","Adult",2
"2ESPL003P",1.02749948808955,"dark",41.5647590361446,19.6536144578313,28.2424698795181,"2","E2B","5 m","P. ver","Adult",3
"2ESPL003P",1.02749948808955,"mid",129.70303030303,88.7424242424242,96.2530303030303,"2","E2B","5 m","P. ver","Adult",3
"2ESPL003P",1.02749948808955,"bright",203.852071005917,156.39201183432,158.359467455621,"2","E2B","5 m","P. ver","Adult",3
"2ESPL004P",2.55830107762869,"dark",41.7830609212481,22.6092124814265,37.9375928677563,"2","E2B","5 m","P. ver","Adult",4
"2ESPL004P",2.55830107762869,"mid",133.470866141732,82.5149606299213,97.5511811023622,"2","E2B","5 m","P. ver","Adult",4
"2ESPL004P",2.55830107762869,"bright",213.709537572254,145.018786127168,151.893063583815,"2","E2B","5 m","P. ver","Adult",4
"2ESPL005P",0.756684105067373,"dark",30.1364275668073,40.14064697609,43.8382559774965,"2","E2B","5 m","P. ver","Adult",5
"2ESPL005P",0.756684105067373,"mid",109.793046357616,109.905629139073,98.8758278145695,"2","E2B","5 m","P. ver","Adult",5
"2ESPL005P",0.756684105067373,"bright",226.096350364964,209.252554744526,172.324087591241,"2","E2B","5 m","P. ver","Adult",5
"2ESPL006P",2.20134058197754,"dark",31.683257918552,24.6911764705882,35.7839366515837,"2","E2B","5 m","P. ver","Adult",6
"2ESPL006P",2.20134058197754,"mid",119.046309696093,100.872648335745,109.159189580318,"2","E2B","5 m","P. ver","Adult",6
"2ESPL006P",2.20134058197754,"bright",214.830588235294,166.731764705882,151.087058823529,"2","E2B","5 m","P. ver","Adult",6
"2ESPL007P",2.27068636227879,"dark",33.2417302798982,21.8651399491094,24.4516539440204,"2","E2B","5 m","P. ver","Adult",7
"2ESPL007P",2.27068636227879,"mid",133.189738625363,108.038722168441,108.759922555663,"2","E2B","5 m","P. ver","Adult",7
"2ESPL007P",2.27068636227879,"bright",179,146.458563535912,144.082872928177,"2","E2B","5 m","P. ver","Adult",7
"2ESPL008P",3.45454185750239,"dark",11.5590230664858,16.270013568521,48.2890094979647,"2","E2B","5 m","P. ver","Adult",8
"2ESPL008P",3.45454185750239,"mid",63.3309120258273,82.408393866021,120.382566585956,"2","E2B","5 m","P. ver","Adult",8
"2ESPL008P",3.45454185750239,"bright",179.95652173913,166.521739130435,152.04347826087,"2","E2B","5 m","P. ver","Adult",8
"2ESPL009P",2.57186666073653,"dark",22.5843621399177,23.7604938271605,30.8971193415638,"2","E2B","5 m","P. ver","Adult",9
"2ESPL009P",2.57186666073653,"mid",106.587926509186,109.077427821522,122.770341207349,"2","E2B","5 m","P. ver","Adult",9
"2ESPL009P",2.57186666073653,"bright",156.739130434783,157.869565217391,172.782608695652,"2","E2B","5 m","P. ver","Adult",9
"2ESPL010P",6.03905571983656,"dark",14.375,25.5222222222222,54.4555555555556,"2","E2B","5 m","P. ver","Adult",10
"2ESPL010P",6.03905571983656,"mid",66.0213101815312,94.2951854775059,127.093133385951,"2","E2B","5 m","P. ver","Adult",10
"2ESPL010P",6.03905571983656,"bright",100.923076923077,138.153846153846,174.538461538462,"2","E2B","5 m","P. ver","Adult",10
"2ESPL016P",1.16383552350084,"dark",38.2595419847328,28.2992366412214,30.5251908396947,"2","E2B","5 m","P. ver","Adult",16
"2ESPL016P",1.16383552350084,"mid",131.477810650888,112.403846153846,105.563609467456,"2","E2B","5 m","P. ver","Adult",16
"2ESPL016P",1.16383552350084,"bright",199.159940209268,171.813153961136,156.461883408072,"2","E2B","5 m","P. ver","Adult",16
"2ESPL018P",1.95466446600097,"dark",24.6810661764706,21.1755514705882,31.9071691176471,"2","E2B","5 m","P. ver","Adult",18
"2ESPL018P",1.95466446600097,"mid",116.570236439499,107.777468706537,114.687065368567,"2","E2B","5 m","P. ver","Adult",18
"2ESPL018P",1.95466446600097,"bright",186.943005181347,169.953367875648,160.113989637306,"2","E2B","5 m","P. ver","Adult",18
"2ESPL019P",3.43004575684964,"dark",27.0876350540216,25.0012004801921,37.3385354141657,"2","E2B","5 m","P. ver","Adult",19
"2ESPL019P",3.43004575684964,"mid",110.605240174672,110.02096069869,125.151965065502,"2","E2B","5 m","P. ver","Adult",19
"2ESPL019P",3.43004575684964,"bright",167.428571428571,158.904761904762,160.52380952381,"2","E2B","5 m","P. ver","Adult",19
"2ESPL020P",7.27065575762409,"dark",2.77301387137453,8.16519546027743,60.6469104665826,"2","E2B","5 m","P. ver","Adult",20
"2ESPL020P",7.27065575762409,"mid",26.5397096498719,73.2075149444919,128.781383432963,"2","E2B","5 m","P. ver","Adult",20
"2ESPL020P",7.27065575762409,"bright",78.9166666666667,131.944444444444,176.944444444444,"2","E2B","5 m","P. ver","Adult",20
"2ESPL021P",4.97216997941083,"dark",24.5352941176471,22.8627450980392,46.1833333333333,"2","E2B","5 m","P. ver","Adult",21
"2ESPL021P",4.97216997941083,"mid",105.431711145997,99.4065934065934,115.530612244898,"2","E2B","5 m","P. ver","Adult",21
"2ESPL021P",4.97216997941083,"bright",214.002915451895,183.793002915452,167.172011661808,"2","E2B","5 m","P. ver","Adult",21
"2ESPL022P",6.30051610607053,"dark",33.5621301775148,24.8377007607777,22.7607776838546,"2","E2B","5 m","P. ver","Adult",22
"2ESPL022P",6.30051610607053,"mid",131.133208255159,108.033771106942,103.515947467167,"2","E2B","5 m","P. ver","Adult",22
"2ESPL022P",6.30051610607053,"bright",180.247349823322,152.56890459364,147.282685512367,"2","E2B","5 m","P. ver","Adult",22
"2ESPL023P",2.59254879382927,"dark",16.9718530101642,17.5605942142299,31.8107896794371,"2","E2B","5 m","P. ver","Adult",23
"2ESPL023P",2.59254879382927,"mid",109.601246105919,110.580996884735,120.542056074766,"2","E2B","5 m","P. ver","Adult",23
"2ESPL023P",2.59254879382927,"bright",175.860759493671,172.025316455696,157.329113924051,"2","E2B","5 m","P. ver","Adult",23
"2ESPL026P",1.39901653901654,"dark",42.6447058823529,27.4705882352941,31.0964705882353,"2","E2B","5 m","P. ver","Adult",26
"2ESPL026P",1.39901653901654,"mid",135.997641509434,96.1721698113208,101.266509433962,"2","E2B","5 m","P. ver","Adult",26
"2ESPL026P",1.39901653901654,"bright",192.749656121045,137.123796423659,141.011004126547,"2","E2B","5 m","P. ver","Adult",26
"2ESPL030P",0.71649603771816,"dark",51.5229357798165,27.4984709480122,24.8195718654434,"2","E2B","5 m","P. ver","Adult",30
"2ESPL030P",0.71649603771816,"mid",128.436813186813,78.1071428571429,64.0274725274725,"2","E2B","5 m","P. ver","Adult",30
"2ESPL030P",0.71649603771816,"bright",234.372803666921,173.078686019862,150.281894576012,"2","E2B","5 m","P. ver","Adult",30
"2ESPL032P",1.6844784703364,"dark",32.7272727272727,24.2925619834711,38.2181818181818,"2","E2B","5 m","P. ver","Adult",32
"2ESPL032P",1.6844784703364,"mid",128.60487804878,109.628048780488,113.742682926829,"2","E2B","5 m","P. ver","Adult",32
"2ESPL032P",1.6844784703364,"bright",193.984347826087,166.801739130435,159.615652173913,"2","E2B","5 m","P. ver","Adult",32
"2ESPL034P",1.27301886316918,"dark",39.0649350649351,32.7922077922078,41.2366522366522,"2","E2B","5 m","P. ver","Adult",34
"2ESPL034P",1.27301886316918,"mid",123.713712910986,109.226142742582,117.093825180433,"2","E2B","5 m","P. ver","Adult",34
"2ESPL034P",1.27301886316918,"bright",179.8,159.633333333333,159.266666666667,"2","E2B","5 m","P. ver","Adult",34
"2TSAL006P",5.44435551621953,"dark",40.2779349363508,30.6046676096181,30.4066478076379,"2","Temae","5 m","A. hya","Adult",6
"2TSAL006P",5.44435551621953,"mid",115.649572649573,97.7094017094017,101.488888888889,"2","Temae","5 m","A. hya","Adult",6
"2TSAL006P",5.44435551621953,"bright",172,156,156,"2","Temae","5 m","A. hya","Adult",6
"2TSAL007P",4.86954969075191,"dark",25.7479369842461,21.7516879219805,29.8372093023256,"2","Temae","5 m","A. hya","Adult",7
"2TSAL007P",4.86954969075191,"mid",109.112519809826,107.990491283677,116.042789223455,"2","Temae","5 m","A. hya","Adult",7
"2TSAL007P",4.86954969075191,"bright",176.2,166.685714285714,159.771428571429,"2","Temae","5 m","A. hya","Adult",7
"2TSAL009P",3.44988833930877,"dark",25.8622087132725,21.5704154002026,39.0871327254306,"2","Temae","5 m","A. hya","Adult",9
"2TSAL009P",3.44988833930877,"mid",116.31156930126,105.317296678121,119.569301260023,"2","Temae","5 m","A. hya","Adult",9
"2TSAL009P",3.44988833930877,"bright",183.335714285714,164.121428571429,157.785714285714,"2","Temae","5 m","A. hya","Adult",9
"2TSAL038P",1.23578060714497,"dark",31.7950138504155,30.1357340720222,36.6186518928901,"2","Temae","5 m","A. hya","Adult",38
"2TSAL038P",1.23578060714497,"mid",122.14693877551,112.186394557823,112.291156462585,"2","Temae","5 m","A. hya","Adult",38
"2TSAL038P",1.23578060714497,"bright",184.796703296703,162.164835164835,150.785714285714,"2","Temae","5 m","A. hya","Adult",38
"2TSAL039P",2.43055838510384,"dark",29.3911404335533,35.2770970782281,41.0829406220547,"2","Temae","5 m","A. hya","Adult",39
"2TSAL039P",2.43055838510384,"mid",111.364123159304,116.16733601071,115.590361445783,"2","Temae","5 m","A. hya","Adult",39
"2TSAL039P",2.43055838510384,"bright",196.901041666667,176.963541666667,162.359375,"2","Temae","5 m","A. hya","Adult",39
"2TSAL040P",3.5010264843454,"dark",36.6028277634961,24.1311053984576,29.8174807197943,"2","Temae","5 m","A. hya","Adult",40
"2TSAL040P",3.5010264843454,"mid",120.547579298831,92.424040066778,92.8096828046745,"2","Temae","5 m","A. hya","Adult",40
"2TSAL040P",3.5010264843454,"bright",212.956661316212,161.216693418941,146.390048154093,"2","Temae","5 m","A. hya","Adult",40
"2TSAL041P",7.270170473936,"dark",31.6973262032086,29.5540106951872,39.483422459893,"2","Temae","5 m","A. hya","Adult",41
"2TSAL041P",7.270170473936,"mid",117.498501498501,109.282717282717,114.895104895105,"2","Temae","5 m","A. hya","Adult",41
"2TSAL041P",7.270170473936,"bright",176.046875,158.1875,155.890625,"2","Temae","5 m","A. hya","Adult",41
"2TSAL042P",2.650433461729,"dark",20.6213753106877,32.3314001657001,47.8790389395195,"2","Temae","5 m","A. hya","Adult",42
"2TSAL042P",2.650433461729,"mid",82.2853470437018,99.6529562982005,114.578406169666,"2","Temae","5 m","A. hya","Adult",42
"2TSAL042P",2.650433461729,"bright",173.8,163.933333333333,154.733333333333,"2","Temae","5 m","A. hya","Adult",42
"2TSAL043P",1.83409623125537,"dark",33.7700534759358,37.3743315508021,44.6965240641711,"2","Temae","5 m","A. hya","Adult",43
"2TSAL043P",1.83409623125537,"mid",109.740566037736,116.352594339623,119.858490566038,"2","Temae","5 m","A. hya","Adult",43
"2TSAL043P",1.83409623125537,"bright",193.183168316832,183.175742574257,172.316831683168,"2","Temae","5 m","A. hya","Adult",43
"2TSAL044P",4.16047939347813,"dark",52.9655913978495,42.7182795698925,38.694623655914,"2","Temae","5 m","A. hya","Adult",44
"2TSAL044P",4.16047939347813,"mid",129.360339506173,111.361882716049,102.641975308642,"2","Temae","5 m","A. hya","Adult",44
"2TSAL044P",4.16047939347813,"bright",181.251046025105,157.774058577406,147.012552301255,"2","Temae","5 m","A. hya","Adult",44
"2TSAL045P",2.70418181021629,"dark",30.4878296146045,30.737322515213,44.0121703853955,"2","Temae","5 m","A. hya","Adult",45
"2TSAL045P",2.70418181021629,"mid",115.260599793175,111.64012409514,125.083764219235,"2","Temae","5 m","A. hya","Adult",45
"2TSAL045P",2.70418181021629,"bright",168.744680851064,161.957446808511,166.574468085106,"2","Temae","5 m","A. hya","Adult",45
"2TSML009P",1.76842356219347,"dark",38.1316872427984,26.5747599451303,36.6652949245542,"2","Temae","5 m","P. mea","Adult",9
"2TSML009P",1.76842356219347,"mid",129.125316455696,103.13417721519,109.854430379747,"2","Temae","5 m","P. mea","Adult",9
"2TSML009P",1.76842356219347,"bright",196.259875259875,157.939708939709,155.035343035343,"2","Temae","5 m","P. mea","Adult",9
"2TSML013P",3.50163756914329,"dark",21.9949748743719,20.1437185929648,31.4804020100503,"2","Temae","5 m","P. mea","Adult",13
"2TSML013P",3.50163756914329,"mid",114.109730848861,108.730848861284,123.439958592132,"2","Temae","5 m","P. mea","Adult",13
"2TSML013P",3.50163756914329,"bright",175,165.583333333333,163.722222222222,"2","Temae","5 m","P. mea","Adult",13
"2TSML014P",2.98523501873236,"dark",5.08053691275168,10.9686800894855,39.7986577181208,"2","Temae","5 m","P. mea","Adult",14
"2TSML014P",2.98523501873236,"mid",55.4097914777878,84.0290117860381,125.972801450589,"2","Temae","5 m","P. mea","Adult",14
"2TSML014P",2.98523501873236,"bright",163.333333333333,164,177,"2","Temae","5 m","P. mea","Adult",14
"2TSML016P",1.21388411534397,"dark",37.8291605301915,22.1472754050074,17.6892488954345,"2","Temae","5 m","P. mea","Adult",16
"2TSML016P",1.21388411534397,"mid",132.379416282642,94.5745007680491,79.8694316436252,"2","Temae","5 m","P. mea","Adult",16
"2TSML016P",1.21388411534397,"bright",200.753731343284,149.579104477612,130.785074626866,"2","Temae","5 m","P. mea","Adult",16
"2TSML017P",1.14906900930337,"dark",43.2023121387283,38.7996146435453,40.4421965317919,"2","Temae","5 m","P. mea","Adult",17
"2TSML017P",1.14906900930337,"mid",107.240374609781,100.481789802289,107.96878251821,"2","Temae","5 m","P. mea","Adult",17
"2TSML017P",1.14906900930337,"bright",171,158,150,"2","Temae","5 m","P. mea","Adult",17
"2TSML018P",0.593090229352142,"dark",39.4566265060241,38.144578313253,45.4120481927711,"2","Temae","5 m","P. mea","Adult",18
"2TSML018P",0.593090229352142,"mid",109.385077186964,101.951972555746,114.824185248714,"2","Temae","5 m","P. mea","Adult",18
"2TSML018P",0.593090229352142,"bright",177.5,166.5,161.75,"2","Temae","5 m","P. mea","Adult",18
"2TSML019P",1.48607278176287,"dark",28.9474327628362,24.619804400978,39.5611246943765,"2","Temae","5 m","P. mea","Adult",19
"2TSML019P",1.48607278176287,"mid",118.606731620903,108.794508414526,128.679362267493,"2","Temae","5 m","P. mea","Adult",19
"2TSML019P",1.48607278176287,"bright",178.264150943396,162,165.698113207547,"2","Temae","5 m","P. mea","Adult",19
"2TSML020P",2.12616755601692,"dark",43.0985221674877,37.0541871921182,32.2302955665025,"2","Temae","5 m","P. mea","Adult",20
"2TSML020P",2.12616755601692,"mid",128.689034369885,112.76759410802,107.018003273322,"2","Temae","5 m","P. mea","Adult",20
"2TSML020P",2.12616755601692,"bright",192.093587521664,169.481802426343,162.589254766031,"2","Temae","5 m","P. mea","Adult",20
"2TSML021P",0.600379201803019,"dark",32.9593679458239,24.3679458239278,28.2562076749436,"2","Temae","5 m","P. mea","Adult",21
"2TSML021P",0.600379201803019,"mid",131.78429073857,108.446658851114,104.087924970692,"2","Temae","5 m","P. mea","Adult",21
"2TSML021P",0.600379201803019,"bright",187.915708812261,156.55938697318,148.057471264368,"2","Temae","5 m","P. mea","Adult",21
"2TSML026P",5.23784626965284,"dark",39.3350622406639,30.6244813278008,28.3360995850622,"2","Temae","5 m","P. mea","Adult",26
"2TSML026P",5.23784626965284,"mid",125.332653061224,101.059183673469,92.6836734693878,"2","Temae","5 m","P. mea","Adult",26
"2TSML026P",5.23784626965284,"bright",199.937728937729,164.31684981685,150.518315018315,"2","Temae","5 m","P. mea","Adult",26
"2TSML027P",2.26884724407977,"dark",22.193991416309,18.3167381974249,28.9450643776824,"2","Temae","5 m","P. mea","Adult",27
"2TSML027P",2.26884724407977,"mid",117.674623115578,109.869346733668,123.5891959799,"2","Temae","5 m","P. mea","Adult",27
"2TSML027P",2.26884724407977,"bright",173.820512820513,157.769230769231,156.461538461538,"2","Temae","5 m","P. mea","Adult",27
"2TSML032P",2.21130922516376,"dark",54.1809523809524,30.9238095238095,26.4142857142857,"2","Temae","5 m","P. mea","Adult",32
"2TSML032P",2.21130922516376,"mid",128.081180811808,73.0036900369004,51.3173431734317,"2","Temae","5 m","P. mea","Adult",32
"2TSML032P",2.21130922516376,"bright",244.300855826201,208.961816984858,158.032916392363,"2","Temae","5 m","P. mea","Adult",32
"2TSML034P",2.05557119535205,"dark",14.2112125162973,25.0273794002608,42.0873533246415,"2","Temae","5 m","P. mea","Adult",34
"2TSML034P",2.05557119535205,"mid",76.03663003663,104.989010989011,129.624542124542,"2","Temae","5 m","P. mea","Adult",34
"2TSML034P",2.05557119535205,"bright",134.978165938865,177.229985443959,211.403202328967,"2","Temae","5 m","P. mea","Adult",34
"2TSML035P",4.44946509849081,"dark",29.0041109969168,19.8622816032888,27.978417266187,"2","Temae","5 m","P. mea","Adult",35
"2TSML035P",4.44946509849081,"mid",130.333881578947,105.65625,111.483552631579,"2","Temae","5 m","P. mea","Adult",35
"2TSML035P",4.44946509849081,"bright",193.622911694511,158.420047732697,155.737470167064,"2","Temae","5 m","P. mea","Adult",35
"2TSML036P",3.12945695018215,"dark",27.0874316939891,16.3617486338798,20.927868852459,"2","Temae","5 m","P. mea","Adult",36
"2TSML036P",3.12945695018215,"mid",131.438543247344,101.153262518968,102.168437025797,"2","Temae","5 m","P. mea","Adult",36
"2TSML036P",3.12945695018215,"bright",193.880281690141,152.237089201878,148.767605633803,"2","Temae","5 m","P. mea","Adult",36
"2TSML037P",1.07234195368258,"dark",41.0025,31.8575,31.1475,"2","Temae","5 m","P. mea","Adult",37
"2TSML037P",1.07234195368258,"mid",128.204453441296,114.622469635628,114.152834008097,"2","Temae","5 m","P. mea","Adult",37
"2TSML037P",1.07234195368258,"bright",182.103773584906,161.764150943396,155.485849056604,"2","Temae","5 m","P. mea","Adult",37
"2TSML038P",2.66011560037073,"dark",36.4509090909091,27.5987878787879,25.4630303030303,"2","Temae","5 m","P. mea","Adult",38
"2TSML038P",2.66011560037073,"mid",133.572907679034,109.207937877481,105.331320103538,"2","Temae","5 m","P. mea","Adult",38
"2TSML038P",2.66011560037073,"bright",172.875,143.375,139.5625,"2","Temae","5 m","P. mea","Adult",38
"2TSML039P",0.978170458108468,"dark",47.3989071038251,33.8224043715847,32.7527322404372,"2","Temae","5 m","P. mea","Adult",39
"2TSML039P",0.978170458108468,"mid",125.442028985507,97.3641304347826,90.1920289855072,"2","Temae","5 m","P. mea","Adult",39
"2TSML039P",0.978170458108468,"bright",228.382681564246,179.846368715084,148.110335195531,"2","Temae","5 m","P. mea","Adult",39
"2TSML040P",6.04732269942446,"dark",23.5723049956179,20.9114811568799,36.6801051709027,"2","Temae","5 m","P. mea","Adult",40
"2TSML040P",6.04732269942446,"mid",117.714460784314,106.356617647059,120.447303921569,"2","Temae","5 m","P. mea","Adult",40
"2TSML040P",6.04732269942446,"bright",177.906976744186,160.744186046512,166.976744186047,"2","Temae","5 m","P. mea","Adult",40
"2TSML044P",1.04181171981299,"dark",44.6589473684211,31.498947368421,31.9494736842105,"2","Temae","5 m","P. mea","Adult",44
"2TSML044P",1.04181171981299,"mid",134.146146146146,105.708708708709,97.992992992993,"2","Temae","5 m","P. mea","Adult",44
"2TSML044P",1.04181171981299,"bright",191.551330798479,155.511406844106,145.486692015209,"2","Temae","5 m","P. mea","Adult",44
"2TSPL003P",2.93738846958195,"dark",38.5076071922545,21.4771784232365,30.1936376210235,"2","Temae","5 m","P. ver","Adult",3
"2TSPL003P",2.93738846958195,"mid",129.536971830986,85.9630281690141,93.5950704225352,"2","Temae","5 m","P. ver","Adult",3
"2TSPL003P",2.93738846958195,"bright",216.609308885755,153.059238363893,145.84485190409,"2","Temae","5 m","P. ver","Adult",3
"2TSPL004P",1.37910925486694,"dark",27.3961218836565,24.9875346260388,39.084487534626,"2","Temae","5 m","P. ver","Adult",4
"2TSPL004P",1.37910925486694,"mid",115.589301121657,109.964624676445,124.987057808456,"2","Temae","5 m","P. ver","Adult",4
"2TSPL004P",1.37910925486694,"bright",181.168067226891,165.655462184874,165.218487394958,"2","Temae","5 m","P. ver","Adult",4
"2TSPL005P",3.53948464077177,"dark",27.549795361528,29.0995907230559,41.5184174624829,"2","Temae","5 m","P. ver","Adult",5
"2TSPL005P",3.53948464077177,"mid",109.519543973941,108.158794788274,123.767915309446,"2","Temae","5 m","P. ver","Adult",5
"2TSPL005P",3.53948464077177,"bright",177.769230769231,164.923076923077,165.076923076923,"2","Temae","5 m","P. ver","Adult",5
"2TSPL007P",2.16329337199916,"dark",18.0597402597403,29.1454545454545,46.7948051948052,"2","Temae","5 m","P. ver","Adult",7
"2TSPL007P",2.16329337199916,"mid",87.2205056179775,121.786516853933,138.125,"2","Temae","5 m","P. ver","Adult",7
"2TSPL007P",2.16329337199916,"bright",148.478405315615,191.506090808416,184.512735326689,"2","Temae","5 m","P. ver","Adult",7
"2TSPL012P",3.28371924310133,"dark",41.5337001375516,35.7455295735901,40.9711141678129,"2","Temae","5 m","P. ver","Adult",12
"2TSPL012P",3.28371924310133,"mid",122.856443719413,111.024469820555,119.946982055465,"2","Temae","5 m","P. ver","Adult",12
"2TSPL012P",3.28371924310133,"bright",175.574468085106,160.255319148936,166,"2","Temae","5 m","P. ver","Adult",12
"2TSPL014P",2.4583640940283,"dark",23.2671568627451,27.4338235294118,38.3651960784314,"2","Temae","5 m","P. ver","Adult",14
"2TSPL014P",2.4583640940283,"mid",127.049610894942,128.597276264591,130.009727626459,"2","Temae","5 m","P. ver","Adult",14
"2TSPL014P",2.4583640940283,"bright",173.865384615385,171.891025641026,165.160256410256,"2","Temae","5 m","P. ver","Adult",14
"2TSPL015P",6.5689334908643,"dark",46.4459134615385,33.9338942307692,30.1165865384615,"2","Temae","5 m","P. ver","Adult",15
"2TSPL015P",6.5689334908643,"mid",130.565826330532,104.747899159664,99.4873949579832,"2","Temae","5 m","P. ver","Adult",15
"2TSPL015P",6.5689334908643,"bright",176.701030927835,144.226804123711,137.876288659794,"2","Temae","5 m","P. ver","Adult",15
"2TSPL017P",0.64963654094391,"dark",47.5605633802817,31.2816901408451,30.8985915492958,"2","Temae","5 m","P. ver","Adult",17
"2TSPL017P",0.64963654094391,"mid",136.817829457364,104.319121447028,96.5193798449612,"2","Temae","5 m","P. ver","Adult",17
"2TSPL017P",0.64963654094391,"bright",194.706084959816,151.369690011481,138.912743972445,"2","Temae","5 m","P. ver","Adult",17
"2TSPL018P",1.73168705449467,"dark",37.25,24.4311594202899,20.9528985507246,"2","Temae","5 m","P. ver","Adult",18
"2TSPL018P",1.73168705449467,"mid",126.440972222222,107.364583333333,98.6041666666667,"2","Temae","5 m","P. ver","Adult",18
"2TSPL018P",1.73168705449467,"bright",170.210526315789,149,140.263157894737,"2","Temae","5 m","P. ver","Adult",18
"2TSPL020P",1.8058561261224,"dark",32.4375963020031,32.4745762711864,41.135593220339,"2","Temae","5 m","P. ver","Adult",20
"2TSPL020P",1.8058561261224,"mid",99.8537490720119,103.971046770601,121.881217520416,"2","Temae","5 m","P. ver","Adult",20
"2TSPL020P",1.8058561261224,"bright",153.666666666667,157.333333333333,175.333333333333,"2","Temae","5 m","P. ver","Adult",20
"2TSPL021P",2.71171341999543,"dark",37.2095709570957,27.1551155115512,39.1485148514851,"2","Temae","5 m","P. ver","Adult",21
"2TSPL021P",2.71171341999543,"mid",126.541229385307,103.350074962519,116.508995502249,"2","Temae","5 m","P. ver","Adult",21
"2TSPL021P",2.71171341999543,"bright",177.616666666667,146.866666666667,154.9,"2","Temae","5 m","P. ver","Adult",21
"2TSPL022P",5.1541232844563,"dark",42.3833543505675,34.061790668348,31.7994955863808,"2","Temae","5 m","P. ver","Adult",22
"2TSPL022P",5.1541232844563,"mid",129.984113712375,110.05602006689,105.470735785953,"2","Temae","5 m","P. ver","Adult",22
"2TSPL022P",5.1541232844563,"bright",171.727272727273,144.090909090909,140.181818181818,"2","Temae","5 m","P. ver","Adult",22
"2TSPL023P",0.776760710741013,"dark",44.6042857142857,34.7885714285714,33.8942857142857,"2","Temae","5 m","P. ver","Adult",23
"2TSPL023P",0.776760710741013,"mid",127.024308466052,106.853310980721,99.4895222129086,"2","Temae","5 m","P. ver","Adult",23
"2TSPL023P",0.776760710741013,"bright",179.364485981308,151.934579439252,144.644859813084,"2","Temae","5 m","P. ver","Adult",23
"2TSPL024P",1.51977506512576,"dark",33.218872870249,35.6815203145478,40.4665792922674,"2","Temae","5 m","P. ver","Adult",24
"2TSPL024P",1.51977506512576,"mid",86.0282942603072,105.380759902991,125.926434923201,"2","Temae","5 m","P. ver","Adult",24
"2TSPL032P",1.18002420632465,"dark",33.4010416666667,25.8671875,36.5520833333333,"2","Temae","5 m","P. ver","Adult",32
"2TSPL032P",1.18002420632465,"mid",127.686581782566,109.442703232125,117.110675808031,"2","Temae","5 m","P. ver","Adult",32
"2TSPL032P",1.18002420632465,"bright",185.881516587678,159.924170616114,159.521327014218,"2","Temae","5 m","P. ver","Adult",32
"2TSPL034P",1.20063823549311,"dark",34.1475409836066,34.2505854800937,45.8899297423888,"2","Temae","5 m","P. ver","Adult",34
"2TSPL034P",1.20063823549311,"mid",122.695993715632,125.301649646504,130.710133542812,"2","Temae","5 m","P. ver","Adult",34
"2TSPL034P",1.20063823549311,"bright",173.623333333333,177.876666666667,177.723333333333,"2","Temae","5 m","P. ver","Adult",34
"2TSPL038P",3.04960545400702,"dark",40.8890532544379,30.6974852071006,28.853550295858,"2","Temae","5 m","P. ver","Adult",38
"2TSPL038P",3.04960545400702,"mid",120.515151515152,103.607744107744,97.8872053872054,"2","Temae","5 m","P. ver","Adult",38
"2TSPL038P",3.04960545400702,"bright",185.055555555556,166.703703703704,159.703703703704,"2","Temae","5 m","P. ver","Adult",38
"2TSPL039P",1.51030577526304,"dark",25.4994272623139,21.3573883161512,36.6345933562428,"2","Temae","5 m","P. ver","Adult",39
"2TSPL039P",1.51030577526304,"mid",122.966417910448,109.369402985075,119.68407960199,"2","Temae","5 m","P. ver","Adult",39
"2TSPL039P",1.51030577526304,"bright",184.071207430341,163.164086687307,159.647058823529,"2","Temae","5 m","P. ver","Adult",39
"2TSPL041P",2.82362739872069,"dark",41.5775862068966,28.9465517241379,36.2586206896552,"2","Temae","5 m","P. ver","Adult",41
"2TSPL041P",2.82362739872069,"mid",133.777936962751,101.256446991404,99.2206303724928,"2","Temae","5 m","P. ver","Adult",41
"2TSPL041P",2.82362739872069,"bright",207.707756232687,156.013850415512,144.963988919668,"2","Temae","5 m","P. ver","Adult",41
"2TSPL042P",1.2026075352179,"dark",40.9887892376682,35.2040358744395,36.9439461883408,"2","Temae","5 m","P. ver","Adult",42
"2TSPL042P",1.2026075352179,"mid",128.581395348837,118.04584717608,119.275083056478,"2","Temae","5 m","P. ver","Adult",42
"2TSPL042P",1.2026075352179,"bright",174.489795918367,158.428571428571,152.755102040816,"2","Temae","5 m","P. ver","Adult",42
"3ESAL001P",0.404088582291289,"dark",51.5079365079365,31.7380952380952,29.2063492063492,"3","E2B","5 m","A. hya","Adult",1
"3ESAL001P",0.404088582291289,"mid",134.544474393531,93.3584905660377,75.2345013477089,"3","E2B","5 m","A. hya","Adult",1
"3ESAL001P",0.404088582291289,"bright",231.396540252828,167.492348636061,141.553559547572,"3","E2B","5 m","A. hya","Adult",1
"3ESAL009P",0.648465271778385,"dark",34.8899082568807,53.9816513761468,39.1467889908257,"3","E2B","5 m","A. hya","Adult",9
"3ESAL009P",0.648465271778385,"mid",109.479910714286,131.638392857143,94.2410714285714,"3","E2B","5 m","A. hya","Adult",9
"3ESAL009P",0.648465271778385,"bright",194.175329175329,224.264033264033,183.934164934165,"3","E2B","5 m","A. hya","Adult",9
"3ESAL012P",0.33184462139601,"dark",54.5635179153094,51.3257328990228,32.5439739413681,"3","E2B","5 m","A. hya","Adult",12
"3ESAL012P",0.33184462139601,"mid",133.787132644956,120.670373312153,93.3240667196187,"3","E2B","5 m","A. hya","Adult",12
"3ESAL012P",0.33184462139601,"bright",185.062211981567,169.744239631336,143.359447004608,"3","E2B","5 m","A. hya","Adult",12
"3ESAL013P",0.395980423802919,"dark",44.5700483091787,47.9178743961353,44.5797101449275,"3","E2B","5 m","A. hya","Adult",13
"3ESAL013P",0.395980423802919,"mid",115.368421052632,126.125506072875,124.771255060729,"3","E2B","5 m","A. hya","Adult",13
"3ESAL013P",0.395980423802919,"bright",157.006928406466,184.287913779831,215.919168591224,"3","E2B","5 m","A. hya","Adult",13
"3ESAL022P",0.0258279160358917,"dark",48.6447368421053,49.1381578947368,38.0657894736842,"3","E2B","5 m","A. hya","Adult",22
"3ESAL022P",0.0258279160358917,"mid",117.598557692308,126.579326923077,108.060096153846,"3","E2B","5 m","A. hya","Adult",22
"3ESAL022P",0.0258279160358917,"bright",187.798184357542,217.516759776536,209.56843575419,"3","E2B","5 m","A. hya","Adult",22
"3ESAL025P",0.0253289526037688,"dark",56.3241895261845,43.7281795511222,46.6658354114713,"3","E2B","5 m","A. hya","Adult",25
"3ESAL025P",0.0253289526037688,"mid",127.28535669587,96.5544430538173,94.0200250312891,"3","E2B","5 m","A. hya","Adult",25
"3ESAL025P",0.0253289526037688,"bright",172,119,111,"3","E2B","5 m","A. hya","Adult",25
"3ESAL030P",0.00260961445469424,"dark",45.4354838709677,44.1048387096774,45.1451612903226,"3","E2B","5 m","A. hya","Adult",30
"3ESAL030P",0.00260961445469424,"mid",129.228462377317,126.494547437296,135.931297709924,"3","E2B","5 m","A. hya","Adult",30
"3ESAL030P",0.00260961445469424,"bright",173.571428571429,161.166666666667,158.142857142857,"3","E2B","5 m","A. hya","Adult",30
"3ESAL071P",0.728572147676269,"dark",52.76,46.5377777777778,38.6933333333333,"3","E2B","5 m","A. hya","Adult",71
"3ESAL071P",0.728572147676269,"mid",132.794846382557,114.148662041625,93.7462834489594,"3","E2B","5 m","A. hya","Adult",71
"3ESAL071P",0.728572147676269,"bright",204.065274151436,168.789817232376,134.361618798956,"3","E2B","5 m","A. hya","Adult",71
"3ESAL072P",0.453976720144033,"dark",50.9515418502203,45.5242290748899,32.4845814977974,"3","E2B","5 m","A. hya","Adult",72
"3ESAL072P",0.453976720144033,"mid",135.522102747909,119.898446833931,87.2986857825567,"3","E2B","5 m","A. hya","Adult",72
"3ESAL072P",0.453976720144033,"bright",205.490384615385,184.09188034188,144.876068376068,"3","E2B","5 m","A. hya","Adult",72
"3ESAL073P",1.65784296199157,"dark",23.7476979742173,44.1675874769797,31.1270718232044,"3","E2B","5 m","A. hya","Adult",73
"3ESAL073P",1.65784296199157,"mid",90.8837555886736,127.764530551416,101.03129657228,"3","E2B","5 m","A. hya","Adult",73
"3ESAL073P",1.65784296199157,"bright",152.965648854962,205.781170483461,188.380407124682,"3","E2B","5 m","A. hya","Adult",73
"3ESAL074P",0.729839885673356,"dark",49.8556430446194,21.246719160105,22.244094488189,"3","E2B","5 m","A. hya","Adult",74
"3ESAL074P",0.729839885673356,"mid",129.576441102757,72.0401002506266,62.7117794486216,"3","E2B","5 m","A. hya","Adult",74
"3ESAL074P",0.729839885673356,"bright",235.301639344262,179.572950819672,122.361475409836,"3","E2B","5 m","A. hya","Adult",74
"3ESAL075P",0.734340078212206,"dark",60.2472885032538,54.4859002169197,52.5574837310195,"3","E2B","5 m","A. hya","Adult",75
"3ESAL075P",0.734340078212206,"mid",127.888419273035,120.555367709214,117.558748943364,"3","E2B","5 m","A. hya","Adult",75
"3ESAL075P",0.734340078212206,"bright",183.478873239437,169.754929577465,168.028169014085,"3","E2B","5 m","A. hya","Adult",75
"3ESAL081P",1.19250770768645,"dark",40.2254901960784,59.6764705882353,53.7450980392157,"3","E2B","5 m","A. hya","Adult",81
"3ESAL081P",1.19250770768645,"mid",105.212880143113,132.406082289803,123.261180679785,"3","E2B","5 m","A. hya","Adult",81
"3ESAL081P",1.19250770768645,"bright",156.922330097087,199.292755787901,215.203136669156,"3","E2B","5 m","A. hya","Adult",81
"3ESAL082P",0.883434088601168,"dark",38.4297520661157,28.5619834710744,26.0826446280992,"3","E2B","5 m","A. hya","Adult",82
"3ESAL082P",0.883434088601168,"mid",138.304504504505,117.998198198198,98.7747747747748,"3","E2B","5 m","A. hya","Adult",82
"3ESAL082P",0.883434088601168,"bright",198.481117824773,176.471299093656,159.417673716012,"3","E2B","5 m","A. hya","Adult",82
"3ESAL083P",2.06898484738027,"dark",57.4866666666667,43.3733333333333,31.18,"3","E2B","5 m","A. hya","Adult",83
"3ESAL083P",2.06898484738027,"mid",135.946259220232,113.427818756586,84.145416227608,"3","E2B","5 m","A. hya","Adult",83
"3ESAL083P",2.06898484738027,"bright",196.77358490566,170.022197558269,134.745837957825,"3","E2B","5 m","A. hya","Adult",83
"3ESAL089P",0.0342093134995735,"dark",20.7241379310345,34.9310344827586,69.6896551724138,"3","E2B","5 m","A. hya","Adult",89
"3ESAL089P",0.0342093134995735,"mid",62.2167832167832,86.5174825174825,134.027972027972,"3","E2B","5 m","A. hya","Adult",89
"3ESAL089P",0.0342093134995735,"bright",168.807986870897,220.091903719912,246.330962800875,"3","E2B","5 m","A. hya","Adult",89
"3ESAL091P",0.0250891784982694,"dark",26.2040816326531,32.1836734693878,53.4897959183673,"3","E2B","5 m","A. hya","Adult",91
"3ESAL091P",0.0250891784982694,"mid",75.1062801932367,107.309178743961,133.130434782609,"3","E2B","5 m","A. hya","Adult",91
"3ESAL091P",0.0250891784982694,"bright",152.65997706422,211.922591743119,241.155963302752,"3","E2B","5 m","A. hya","Adult",91
"3ESAL092P",0.341611388618576,"dark",32.3972602739726,43.1095890410959,61.0958904109589,"3","E2B","5 m","A. hya","Adult",92
"3ESAL092P",0.341611388618576,"mid",96.1615853658537,115.868902439024,131.353658536585,"3","E2B","5 m","A. hya","Adult",92
"3ESAL092P",0.341611388618576,"bright",161.196998123827,197.618511569731,232.248905565979,"3","E2B","5 m","A. hya","Adult",92
"3ESAL093P",0.165674434014169,"dark",40.4851485148515,37.2376237623762,39.6534653465347,"3","E2B","5 m","A. hya","Adult",93
"3ESAL093P",0.165674434014169,"mid",119.456774193548,128.824516129032,131.934193548387,"3","E2B","5 m","A. hya","Adult",93
"3ESAL093P",0.165674434014169,"bright",154.865658362989,172.019572953737,201.297153024911,"3","E2B","5 m","A. hya","Adult",93
"3ESAL097P",0.453592530461577,"dark",20.6564885496183,41.8625954198473,57.0229007633588,"3","E2B","5 m","A. hya","Adult",97
"3ESAL097P",0.453592530461577,"mid",73.2587601078167,110.700808625337,131.239892183288,"3","E2B","5 m","A. hya","Adult",97
"3ESAL097P",0.453592530461577,"bright",128.289052069426,188.741655540721,233.945927903872,"3","E2B","5 m","A. hya","Adult",97
"3ESML004P",2.96961436043402,"dark",44.1434977578475,25.3497757847534,22.3789237668161,"3","E2B","5 m","P. mea","Adult",4
"3ESML004P",2.96961436043402,"mid",131.271268057785,95.1011235955056,78.677367576244,"3","E2B","5 m","P. mea","Adult",4
"3ESML004P",2.96961436043402,"bright",208.124597207304,161.781954887218,137.044038668099,"3","E2B","5 m","P. mea","Adult",4
"3ESML016P",1.49036735754068,"dark",37.6201923076923,49.0625,35.1971153846154,"3","E2B","5 m","P. mea","Adult",16
"3ESML016P",1.49036735754068,"mid",110.540133779264,120.710702341137,88.8745819397993,"3","E2B","5 m","P. mea","Adult",16
"3ESML016P",1.49036735754068,"bright",220.457583547558,199.835475578406,156.970437017995,"3","E2B","5 m","P. mea","Adult",16
"3ESML034P",1.67274202509753,"dark",40.8990384615385,4.05288461538461,5.81891025641026,"3","E2B","5 m","P. mea","Adult",34
"3ESML034P",1.67274202509753,"mid",127.110236220472,18.5853018372703,13.737532808399,"3","E2B","5 m","P. mea","Adult",34
"3ESML034P",1.67274202509753,"bright",230.889447236181,42.3809045226131,18.5045226130653,"3","E2B","5 m","P. mea","Adult",34
"3ESML057P",3.92761138786995,"dark",35.0145852324521,29.9124886052871,20.7529626253418,"3","E2B","5 m","P. mea","Adult",57
"3ESML057P",3.92761138786995,"mid",122.220731707317,119.725609756098,95.9719512195122,"3","E2B","5 m","P. mea","Adult",57
"3ESML057P",3.92761138786995,"bright",179.578313253012,179.325301204819,148.313253012048,"3","E2B","5 m","P. mea","Adult",57
"3ESML058P",2.15095634563456,"dark",35.3684210526316,34.0657894736842,35.2978468899522,"3","E2B","5 m","P. mea","Adult",58
"3ESML058P",2.15095634563456,"mid",116.631917631918,119.927927927928,112.848133848134,"3","E2B","5 m","P. mea","Adult",58
"3ESML058P",2.15095634563456,"bright",186.248062015504,192.413436692506,180.051679586563,"3","E2B","5 m","P. mea","Adult",58
"3ESML059P",1.19649238626039,"dark",39.781226343679,34.004542013626,33.0310370931113,"3","E2B","5 m","P. mea","Adult",59
"3ESML059P",1.19649238626039,"mid",115.187869822485,100.562130177515,100.35798816568,"3","E2B","5 m","P. mea","Adult",59
"3ESML059P",1.19649238626039,"bright",175,153.5,147,"3","E2B","5 m","P. mea","Adult",59
"3ESML060P",0.325663819643274,"dark",36.6092485549133,36.5132947976879,38.1815028901734,"3","E2B","5 m","P. mea","Adult",60
"3ESML060P",0.325663819643274,"mid",110.28364389234,105.968944099379,96.1718426501035,"3","E2B","5 m","P. mea","Adult",60
"3ESML060P",0.325663819643274,"bright",216.460122699387,221.438650306748,201.205521472393,"3","E2B","5 m","P. mea","Adult",60
"3ESML061P",1.67573856905067,"dark",37.0378578024007,38.1043397968606,25.1477377654663,"3","E2B","5 m","P. mea","Adult",61
"3ESML061P",1.67573856905067,"mid",125.543345543346,114.442002442002,84.1843711843712,"3","E2B","5 m","P. mea","Adult",61
"3ESML061P",1.67573856905067,"bright",194.030612244898,167.112244897959,145.367346938776,"3","E2B","5 m","P. mea","Adult",61
"3ESML062P",0.889497358044909,"dark",33.7141190198366,34.8424737456243,29.6686114352392,"3","E2B","5 m","P. mea","Adult",62
"3ESML062P",0.889497358044909,"mid",114.587896253602,128.482708933718,113.384726224784,"3","E2B","5 m","P. mea","Adult",62
"3ESML062P",0.889497358044909,"bright",168.599109131403,193.160356347439,182.592427616926,"3","E2B","5 m","P. mea","Adult",62
"3ESML063P",1.87829600965868,"dark",31.902496099844,25.3681747269891,23.4305772230889,"3","E2B","5 m","P. mea","Adult",63
"3ESML063P",1.87829600965868,"mid",125.316053511706,104.772575250836,87.5334448160535,"3","E2B","5 m","P. mea","Adult",63
"3ESML063P",1.87829600965868,"bright",188.85,157.483333333333,135.675,"3","E2B","5 m","P. mea","Adult",63
"3ESML064P",1.44268170381703,"dark",34.8313856427379,37.3597662771285,26.5125208681135,"3","E2B","5 m","P. mea","Adult",64
"3ESML064P",1.44268170381703,"mid",114.584592145015,117.921450151057,86.1178247734139,"3","E2B","5 m","P. mea","Adult",64
"3ESML064P",1.44268170381703,"bright",192.142857142857,176.957142857143,135.378571428571,"3","E2B","5 m","P. mea","Adult",64
"3ESML065P",0.542270972717186,"dark",33.3607748184019,34.3038740920097,41.5992736077482,"3","E2B","5 m","P. mea","Adult",65
"3ESML065P",0.542270972717186,"mid",99.4554455445545,112.172560113154,122.473833097595,"3","E2B","5 m","P. mea","Adult",65
"3ESML065P",0.542270972717186,"bright",149.3147751606,179.58244111349,202.916488222698,"3","E2B","5 m","P. mea","Adult",65
"3ESML066P",2.1655820837781,"dark",32.084693877551,34.2142857142857,32.3765306122449,"3","E2B","5 m","P. mea","Adult",66
"3ESML066P",2.1655820837781,"mid",111.686046511628,125.504983388704,115.516611295681,"3","E2B","5 m","P. mea","Adult",66
"3ESML066P",2.1655820837781,"bright",173.952153110048,195.50956937799,183.337320574163,"3","E2B","5 m","P. mea","Adult",66
"3ESML067P",1.37132778741037,"dark",2.22754491017964,49.5419161676647,56.7305389221557,"3","E2B","5 m","P. mea","Adult",67
"3ESML067P",1.37132778741037,"mid",14.8468085106383,119.355319148936,122.36170212766,"3","E2B","5 m","P. mea","Adult",67
"3ESML067P",1.37132778741037,"bright",114.776755852843,228.385451505017,232.704013377926,"3","E2B","5 m","P. mea","Adult",67
"3ESML068P",1.18466248557268,"dark",30.7303974221267,34.9624060150376,39.2620837808808,"3","E2B","5 m","P. mea","Adult",68
"3ESML068P",1.18466248557268,"mid",106.896103896104,119.875901875902,120.822510822511,"3","E2B","5 m","P. mea","Adult",68
"3ESML068P",1.18466248557268,"bright",165.507978723404,190.502659574468,194.228723404255,"3","E2B","5 m","P. mea","Adult",68
"3ESML069P",2.34112644179379,"dark",37.6568265682657,29.0344403444034,28.5977859778598,"3","E2B","5 m","P. mea","Adult",69
"3ESML069P",2.34112644179379,"mid",122.723776223776,109.143356643357,99.4213286713287,"3","E2B","5 m","P. mea","Adult",69
"3ESML069P",2.34112644179379,"bright",206.317073170732,199.364227642276,189.777235772358,"3","E2B","5 m","P. mea","Adult",69
"3ESML070P",1.49992425493939,"dark",30.5226130653266,38.4757118927973,48.8190954773869,"3","E2B","5 m","P. mea","Adult",70
"3ESML070P",1.49992425493939,"mid",78.8142458100559,108.409217877095,128.252793296089,"3","E2B","5 m","P. mea","Adult",70
"3ESML070P",1.49992425493939,"bright",117.148471615721,171.107714701601,206.74672489083,"3","E2B","5 m","P. mea","Adult",70
"3ESML071P",1.7778019148508,"dark",29.0408805031447,29.3291404612159,46.6394129979036,"3","E2B","5 m","P. mea","Adult",71
"3ESML071P",1.7778019148508,"mid",105.139303482587,106.956218905473,123.314427860697,"3","E2B","5 m","P. mea","Adult",71
"3ESML071P",1.7778019148508,"bright",167.780487804878,168.146341463415,162.390243902439,"3","E2B","5 m","P. mea","Adult",71
"3ESML072P",0.648037459672186,"dark",41.5121145374449,28.2698237885463,17.5506607929515,"3","E2B","5 m","P. mea","Adult",72
"3ESML072P",0.648037459672186,"mid",130.923580786026,108.327510917031,83.8165938864629,"3","E2B","5 m","P. mea","Adult",72
"3ESML072P",0.648037459672186,"bright",182.517045454545,154.806818181818,129.767045454545,"3","E2B","5 m","P. mea","Adult",72
"3ESML073P",0.748016763641764,"dark",33.2787794729542,35.0180305131761,36.9736477115118,"3","E2B","5 m","P. mea","Adult",73
"3ESML073P",0.748016763641764,"mid",108.923487544484,112.850533807829,107.345195729537,"3","E2B","5 m","P. mea","Adult",73
"3ESML073P",0.748016763641764,"bright",214.914923291492,222.400278940028,210.199442119944,"3","E2B","5 m","P. mea","Adult",73
"3ESML074P",1.77661959717656,"dark",43.472947761194,31.2639925373134,30.5662313432836,"3","E2B","5 m","P. mea","Adult",74
"3ESML074P",1.77661959717656,"mid",123.157480314961,100.628608923885,88.7322834645669,"3","E2B","5 m","P. mea","Adult",74
"3ESML074P",1.77661959717656,"bright",198.656626506024,167.710843373494,146.21686746988,"3","E2B","5 m","P. mea","Adult",74
"3ESPL018P",1.37366622502236,"dark",32.292364990689,41.8808193668529,43.0130353817505,"3","E2B","5 m","P. ver","Adult",18
"3ESPL018P",1.37366622502236,"mid",104.216279069767,124.2,116.988372093023,"3","E2B","5 m","P. ver","Adult",18
"3ESPL018P",1.37366622502236,"bright",217.694094869313,232.433688286544,194.669893514037,"3","E2B","5 m","P. ver","Adult",18
"3ESPL019P",0.533036046498767,"dark",20.1577726218097,24.8027842227378,42.4037122969838,"3","E2B","5 m","P. ver","Adult",19
"3ESPL019P",0.533036046498767,"mid",99.3382254836558,124.72715143429,148.357571714476,"3","E2B","5 m","P. ver","Adult",19
"3ESPL019P",0.533036046498767,"bright",136,165.314285714286,169.557142857143,"3","E2B","5 m","P. ver","Adult",19
"3ESPL020P",0.955398490160274,"dark",5.15609756097561,24.6536585365854,50.2780487804878,"3","E2B","5 m","P. ver","Adult",20
"3ESPL020P",0.955398490160274,"mid",29.7982954545455,83.1136363636364,128.088068181818,"3","E2B","5 m","P. ver","Adult",20
"3ESPL020P",0.955398490160274,"bright",79.1882067851373,175.67689822294,233.502423263328,"3","E2B","5 m","P. ver","Adult",20
"3ESPL043P",1.20253645671734,"dark",22.1536842105263,31.0105263157895,42.6042105263158,"3","E2B","5 m","P. ver","Adult",43
"3ESPL043P",1.20253645671734,"mid",74.3864818024263,104.930675909879,129.753899480069,"3","E2B","5 m","P. ver","Adult",43
"3ESPL043P",1.20253645671734,"bright",142.429324894515,191.385021097046,222.68670886076,"3","E2B","5 m","P. ver","Adult",43
"3ESPL044P",2.34144281964193,"dark",27.1822519083969,28.3263358778626,37.6946564885496,"3","E2B","5 m","P. ver","Adult",44
"3ESPL044P",2.34144281964193,"mid",76.4016824395373,87.3743427970557,114.293375394322,"3","E2B","5 m","P. ver","Adult",44
"3ESPL047P",1.11127513203982,"dark",41.5849282296651,30.549043062201,18.7464114832536,"3","E2B","5 m","P. ver","Adult",47
"3ESPL047P",1.11127513203982,"mid",123.04298245614,106.329824561404,80.9131578947368,"3","E2B","5 m","P. ver","Adult",47
"3ESPL047P",1.11127513203982,"bright",178.913043478261,159.739130434783,138,"3","E2B","5 m","P. ver","Adult",47
"3ESPL048P",1.6986005685023,"dark",26.0861008610086,30.8044280442804,25.9864698646986,"3","E2B","5 m","P. ver","Adult",48
"3ESPL048P",1.6986005685023,"mid",110.050347222222,127.161458333333,108.0625,"3","E2B","5 m","P. ver","Adult",48
"3ESPL048P",1.6986005685023,"bright",169.922950819672,203.575409836066,193.804918032787,"3","E2B","5 m","P. ver","Adult",48
"3ESPL050P",2.75163566318276,"dark",18.3171641791045,26.4291044776119,42.6940298507463,"3","E2B","5 m","P. ver","Adult",50
"3ESPL050P",2.75163566318276,"mid",63.8065573770492,96.7049180327869,129.832786885246,"3","E2B","5 m","P. ver","Adult",50
"3ESPL050P",2.75163566318276,"bright",135.032936229853,199.478626489138,233.544498948844,"3","E2B","5 m","P. ver","Adult",50
"3ESPL052P",0.882086839371574,"dark",23.5244956772334,18.6455331412104,40.5951008645533,"3","E2B","5 m","P. ver","Adult",52
"3ESPL052P",0.882086839371574,"mid",127.038668098818,123.127819548872,139.776584317938,"3","E2B","5 m","P. ver","Adult",52
"3ESPL052P",0.882086839371574,"bright",181.701333333333,172.298666666667,163.738666666667,"3","E2B","5 m","P. ver","Adult",52
"3ESPL053P",1.54054885773194,"dark",37.4106891701828,28.7594936708861,33.3361462728551,"3","E2B","5 m","P. ver","Adult",53
"3ESPL053P",1.54054885773194,"mid",129.181818181818,122.681270536692,133.49726177437,"3","E2B","5 m","P. ver","Adult",53
"3ESPL053P",1.54054885773194,"bright",182.191489361702,171.353723404255,163.614361702128,"3","E2B","5 m","P. ver","Adult",53
"3ESPL054P",1.80019191298357,"dark",12.4669703872437,30.0113895216401,46.5603644646925,"3","E2B","5 m","P. ver","Adult",54
"3ESPL054P",1.80019191298357,"mid",48.6016042780749,90.8395721925134,128.558823529412,"3","E2B","5 m","P. ver","Adult",54
"3ESPL054P",1.80019191298357,"bright",112.641112047178,183.992417860152,230.44397641112,"3","E2B","5 m","P. ver","Adult",54
"3ESPL055P",4.78379412732861,"dark",15.2611218568665,36.0406189555126,60.8665377176015,"3","E2B","5 m","P. ver","Adult",55
"3ESPL055P",4.78379412732861,"mid",42.6957295373665,86.135231316726,124.638790035587,"3","E2B","5 m","P. ver","Adult",55
"3ESPL055P",4.78379412732861,"bright",120.955483170467,195.643865363735,231.085776330076,"3","E2B","5 m","P. ver","Adult",55
"3ESPL056P",1.90281167493408,"dark",30.3602941176471,31.34375,28.7665441176471,"3","E2B","5 m","P. ver","Adult",56
"3ESPL056P",1.90281167493408,"mid",106.135964912281,117.677631578947,111.342105263158,"3","E2B","5 m","P. ver","Adult",56
"3ESPL056P",1.90281167493408,"bright",179.084,212.601,222.689,"3","E2B","5 m","P. ver","Adult",56
"3ESPL057P",1.11163736321549,"dark",6.10372340425532,25.7792553191489,51.3218085106383,"3","E2B","5 m","P. ver","Adult",57
"3ESPL057P",1.11163736321549,"mid",29.4505119453925,81.8873720136519,129.382252559727,"3","E2B","5 m","P. ver","Adult",57
"3ESPL057P",1.11163736321549,"bright",147.67543200601,216.05860255447,240.792637114951,"3","E2B","5 m","P. ver","Adult",57
"3ESPL058P",1.84997447219515,"dark",20.5509915014164,24.3087818696884,36.1373937677054,"3","E2B","5 m","P. ver","Adult",58
"3ESPL058P",1.84997447219515,"mid",114.399249061327,120.704630788486,131.222778473091,"3","E2B","5 m","P. ver","Adult",58
"3ESPL058P",1.84997447219515,"bright",194.012121212121,172.638383838384,159.69494949495,"3","E2B","5 m","P. ver","Adult",58
"3ESPL059P",2.5616752812405,"dark",14.1358695652174,27.8179347826087,42.5896739130435,"3","E2B","5 m","P. ver","Adult",59
"3ESPL059P",2.5616752812405,"mid",50.6006191950464,91.9040247678019,130.749226006192,"3","E2B","5 m","P. ver","Adult",59
"3ESPL059P",2.5616752812405,"bright",107.543162719633,199.44537815126,238.256684491979,"3","E2B","5 m","P. ver","Adult",59
"3ESPL060P",1.22496161826515,"dark",17.5282685512367,35.4293286219081,46.4328621908127,"3","E2B","5 m","P. ver","Adult",60
"3ESPL060P",1.22496161826515,"mid",53.384,96.642,126.95,"3","E2B","5 m","P. ver","Adult",60
"3ESPL060P",1.22496161826515,"bright",133.366167023555,203.309421841542,231.550321199143,"3","E2B","5 m","P. ver","Adult",60
"3ESPL061P",1.58329572042977,"dark",12.939226519337,25.7255985267035,44.1325966850829,"3","E2B","5 m","P. ver","Adult",61
"3ESPL061P",1.58329572042977,"mid",52.0075757575758,89.6666666666667,127.949494949495,"3","E2B","5 m","P. ver","Adult",61
"3ESPL061P",1.58329572042977,"bright",133.28369462771,210.600377002828,238.73986804901,"3","E2B","5 m","P. ver","Adult",61
"3ESPL062P",2.89404252836128,"dark",21.1758373205742,24.6375598086124,33.4078947368421,"3","E2B","5 m","P. ver","Adult",62
"3ESPL062P",2.89404252836128,"mid",109.299023957409,123.240461401952,139.869565217391,"3","E2B","5 m","P. ver","Adult",62
"3ESPL062P",2.89404252836128,"bright",154.638888888889,166.722222222222,169.083333333333,"3","E2B","5 m","P. ver","Adult",62
"3ESPL063P",2.8360890319658,"dark",26.4891598915989,32.2276422764228,34.1775067750677,"3","E2B","5 m","P. ver","Adult",63
"3ESPL063P",2.8360890319658,"mid",88.383445945946,115.184121621622,116.021959459459,"3","E2B","5 m","P. ver","Adult",63
"3ESPL063P",2.8360890319658,"bright",142.725373134328,198.834328358209,212.759701492537,"3","E2B","5 m","P. ver","Adult",63
"3TSAL009P",0.826797737838633,"dark",27.791277258567,47.1775700934579,53.2461059190031,"3","Temae","5 m","A. hya","Adult",9
"3TSAL009P",0.826797737838633,"mid",81.9624765478424,115.003752345216,120.264540337711,"3","Temae","5 m","A. hya","Adult",9
"3TSAL009P",0.826797737838633,"bright",153.038394415358,216.860383944154,235.294066317627,"3","Temae","5 m","A. hya","Adult",9
"3TSAL039P",0.428567953353464,"dark",35.508875739645,57.3609467455621,48.0769230769231,"3","Temae","5 m","A. hya","Adult",39
"3TSAL039P",0.428567953353464,"mid",77.1336405529954,124.44470046083,112.739631336406,"3","Temae","5 m","A. hya","Adult",39
"3TSAL039P",0.428567953353464,"bright",129.163922691482,218.638511095204,232.811023622047,"3","Temae","5 m","A. hya","Adult",39
"3TSAL040P",0.0208699388846448,"dark",46.0159574468085,48.7978723404255,57.0265957446809,"3","Temae","5 m","A. hya","Adult",40
"3TSAL040P",0.0208699388846448,"mid",120.051714446318,129.516582349635,141.513209668353,"3","Temae","5 m","A. hya","Adult",40
"3TSAL040P",0.0208699388846448,"bright",156.757575757576,164.727272727273,169.242424242424,"3","Temae","5 m","A. hya","Adult",40
"3TSAL043P",0.627680364801042,"dark",53.2869565217391,43.7275362318841,35.3884057971014,"3","Temae","5 m","A. hya","Adult",43
"3TSAL043P",0.627680364801042,"mid",130.202786377709,123.595975232198,118.603715170279,"3","Temae","5 m","A. hya","Adult",43
"3TSAL043P",0.627680364801042,"bright",164.443526170799,170.473829201102,172.272727272727,"3","Temae","5 m","A. hya","Adult",43
"3TSAL044P",1.72103829275249,"dark",22.6029411764706,52.0698529411765,58.0919117647059,"3","Temae","5 m","A. hya","Adult",44
"3TSAL044P",1.72103829275249,"mid",56.3283018867925,110.184905660377,127.784905660377,"3","Temae","5 m","A. hya","Adult",44
"3TSAL044P",1.72103829275249,"bright",91.3380634390651,178.390651085142,224.348914858097,"3","Temae","5 m","A. hya","Adult",44
"3TSAL050P",0.359293064643371,"dark",32.6625577812018,41.382126348228,33.2357473035439,"3","Temae","5 m","A. hya","Adult",50
"3TSAL050P",0.359293064643371,"mid",107.656671664168,129.215892053973,131.127436281859,"3","Temae","5 m","A. hya","Adult",50
"3TSAL050P",0.359293064643371,"bright",155.764705882353,172.058823529412,166.588235294118,"3","Temae","5 m","A. hya","Adult",50
"3TSAL052P",0.0451315818583859,"dark",52.5129533678756,58.8480138169257,47.986183074266,"3","Temae","5 m","A. hya","Adult",52
"3TSAL052P",0.0451315818583859,"mid",105.82820329277,113.806012884753,112.856836077309,"3","Temae","5 m","A. hya","Adult",52
"3TSAL052P",0.0451315818583859,"bright",166.958333333333,171.958333333333,159,"3","Temae","5 m","A. hya","Adult",52
"3TSAL053P",0.748932850516056,"dark",48.2521186440678,51.6069915254237,46.0794491525424,"3","Temae","5 m","A. hya","Adult",53
"3TSAL053P",0.748932850516056,"mid",106.36488340192,98.2427983539095,92.6213991769547,"3","Temae","5 m","A. hya","Adult",53
"3TSAL053P",0.748932850516056,"bright",227.168195718654,173.31498470948,139.608562691132,"3","Temae","5 m","A. hya","Adult",53
"3TSAL056P",0.388837484318574,"dark",47.1591836734694,46.0530612244898,49.6081632653061,"3","Temae","5 m","A. hya","Adult",56
"3TSAL056P",0.388837484318574,"mid",131.13804004215,126.624868282403,123.438356164384,"3","Temae","5 m","A. hya","Adult",56
"3TSAL056P",0.388837484318574,"bright",194.395781637717,181.240694789082,168.111662531017,"3","Temae","5 m","A. hya","Adult",56
"3TSAL060P",0.338371762976857,"dark",46.1002004008016,28.6292585170341,25.2104208416834,"3","Temae","5 m","A. hya","Adult",60
"3TSAL060P",0.338371762976857,"mid",129.973270440252,87.8443396226415,79.3930817610063,"3","Temae","5 m","A. hya","Adult",60
"3TSAL060P",0.338371762976857,"bright",208.457803468208,144.018497109827,133.454335260116,"3","Temae","5 m","A. hya","Adult",60
"3TSAL067P",0.396341045298078,"dark",41.3777777777778,64.0222222222222,53.1277777777778,"3","Temae","5 m","A. hya","Adult",67
"3TSAL067P",0.396341045298078,"mid",94.3689956331878,123.048034934498,106.958515283843,"3","Temae","5 m","A. hya","Adult",67
"3TSAL067P",0.396341045298078,"bright",189.461820851689,233.041850220264,229.101321585903,"3","Temae","5 m","A. hya","Adult",67
"3TSAL077P",0.486838564513689,"dark",32.0718085106383,51.0026595744681,43.6382978723404,"3","Temae","5 m","A. hya","Adult",77
"3TSAL077P",0.486838564513689,"mid",89.3120567375886,120.945626477541,107.094562647754,"3","Temae","5 m","A. hya","Adult",77
"3TSAL077P",0.486838564513689,"bright",171.837635303913,230.007493755204,232.290591174022,"3","Temae","5 m","A. hya","Adult",77
"3TSAL078P",0.235797890190305,"dark",35.381679389313,56.618320610687,40.8320610687023,"3","Temae","5 m","A. hya","Adult",78
"3TSAL078P",0.235797890190305,"mid",97.7199211045365,129.396449704142,102.719921104536,"3","Temae","5 m","A. hya","Adult",78
"3TSAL078P",0.235797890190305,"bright",166.07268722467,223.204845814978,222.001468428781,"3","Temae","5 m","A. hya","Adult",78
"3TSAL079P",0.729906268140273,"dark",49.5360824742268,38.9175257731959,26.979381443299,"3","Temae","5 m","A. hya","Adult",79
"3TSAL079P",0.729906268140273,"mid",129.178531073446,119.11186440678,103.462146892655,"3","Temae","5 m","A. hya","Adult",79
"3TSAL079P",0.729906268140273,"bright",184.174603174603,177.198412698413,165.671428571429,"3","Temae","5 m","A. hya","Adult",79
"3TSAL080P",0.703750855050932,"dark",30.8269550748752,51.7237936772047,25.0316139767055,"3","Temae","5 m","A. hya","Adult",80
"3TSAL080P",0.703750855050932,"mid",80.3746666666667,124.130666666667,98.1826666666667,"3","Temae","5 m","A. hya","Adult",80
"3TSAL080P",0.703750855050932,"bright",126.899845916795,203.191063174114,213.06779661017,"3","Temae","5 m","A. hya","Adult",80
"3TSAL081P",0.921629112495623,"dark",29.8361934477379,43.5522620904836,43.591263650546,"3","Temae","5 m","A. hya","Adult",81
"3TSAL081P",0.921629112495623,"mid",108.959677419355,132.58064516129,127.332949308756,"3","Temae","5 m","A. hya","Adult",81
"3TSAL081P",0.921629112495623,"bright",163.132382892057,184.727087576375,169.20366598778,"3","Temae","5 m","A. hya","Adult",81
"3TSAL082P",1.15706212725064,"dark",40.3868986693961,50.5721596724667,36.8444216990788,"3","Temae","5 m","A. hya","Adult",82
"3TSAL082P",1.15706212725064,"mid",97.8248987854251,107.241902834008,99.2651821862348,"3","Temae","5 m","A. hya","Adult",82
"3TSAL082P",1.15706212725064,"bright",178.657142857143,167,140.4,"3","Temae","5 m","A. hya","Adult",82
"3TSAL083P",0.687243869150787,"dark",49.6202898550725,58.9594202898551,43.4695652173913,"3","Temae","5 m","A. hya","Adult",83
"3TSAL083P",0.687243869150787,"mid",106.908839779006,124.223756906077,102.877532228361,"3","Temae","5 m","A. hya","Adult",83
"3TSAL083P",0.687243869150787,"bright",148.398945518453,188.460456942004,205.289982425308,"3","Temae","5 m","A. hya","Adult",83
"3TSAL084P",0.901795836725921,"dark",45.9801136363636,47.6676136363636,34.8011363636364,"3","Temae","5 m","A. hya","Adult",84
"3TSAL084P",0.901795836725921,"mid",112.197511664075,119.566096423017,103.007776049767,"3","Temae","5 m","A. hya","Adult",84
"3TSAL084P",0.901795836725921,"bright",182.690547263682,207.145273631841,220.496517412935,"3","Temae","5 m","A. hya","Adult",84
"3TSAL085P",0.48082884635769,"dark",25.1678321678322,43.3216783216783,65.2167832167832,"3","Temae","5 m","A. hya","Adult",85
"3TSAL085P",0.48082884635769,"mid",74.7737843551797,103.651162790698,129.598308668076,"3","Temae","5 m","A. hya","Adult",85
"3TSAL085P",0.48082884635769,"bright",123.403179190751,184.356936416185,235.846820809249,"3","Temae","5 m","A. hya","Adult",85
"3TSML017P",0.881121301582602,"dark",28.109375,37.125,41.7386363636364,"3","Temae","5 m","P. mea","Adult",17
"3TSML017P",0.881121301582602,"mid",92.119623655914,115.235215053763,120.391129032258,"3","Temae","5 m","P. mea","Adult",17
"3TSML017P",0.881121301582602,"bright",164.048913043478,198.710144927536,207.467391304348,"3","Temae","5 m","P. mea","Adult",17
"3TSML025P",1.13868202321152,"dark",21.59125,26.695,37.38,"3","Temae","5 m","P. mea","Adult",25
"3TSML025P",1.13868202321152,"mid",106.959794696322,121.646706586826,134.908468776732,"3","Temae","5 m","P. mea","Adult",25
"3TSML025P",1.13868202321152,"bright",177.7,165.733333333333,154.566666666667,"3","Temae","5 m","P. mea","Adult",25
"3TSML026P",1.86253900002867,"dark",10.3966244725738,18.8447257383966,31.6362869198312,"3","Temae","5 m","P. mea","Adult",26
"3TSML026P",1.86253900002867,"mid",55.9484777517564,93.9531615925059,125.997658079625,"3","Temae","5 m","P. mea","Adult",26
"3TSML026P",1.86253900002867,"bright",101.621134020619,171.574742268041,215.103092783505,"3","Temae","5 m","P. mea","Adult",26
"3TSML032P",2.06593536893457,"dark",41.6356736242884,41.8462998102467,40.8823529411765,"3","Temae","5 m","P. mea","Adult",32
"3TSML032P",2.06593536893457,"mid",104.233853006682,120.530066815145,124.718262806236,"3","Temae","5 m","P. mea","Adult",32
"3TSML032P",2.06593536893457,"bright",139.019130434783,174.977391304348,199.737391304348,"3","Temae","5 m","P. mea","Adult",32
"3TSML039P",0.989663232764641,"dark",12.3570127504554,36.3734061930783,59.8069216757741,"3","Temae","5 m","P. mea","Adult",39
"3TSML039P",0.989663232764641,"mid",37.9963811821472,88.723763570567,126.130277442702,"3","Temae","5 m","P. mea","Adult",39
"3TSML039P",0.989663232764641,"bright",84.6093247588424,172.353697749196,216.834405144695,"3","Temae","5 m","P. mea","Adult",39
"3TSML040P",1.02213025289948,"dark",24.6545454545455,22.6739393939394,38.430303030303,"3","Temae","5 m","P. mea","Adult",40
"3TSML040P",1.02213025289948,"mid",103.674714104193,114.453621346887,133.245235069886,"3","Temae","5 m","P. mea","Adult",40
"3TSML040P",1.02213025289948,"bright",201.533505154639,182.502577319588,167.853092783505,"3","Temae","5 m","P. mea","Adult",40
"3TSML041P",0.131268272748656,"dark",47.0097087378641,38.9352750809062,30.6521035598706,"3","Temae","5 m","P. mea","Adult",41
"3TSML041P",0.131268272748656,"mid",133.27409891031,119.466051969824,104.16512992456,"3","Temae","5 m","P. mea","Adult",41
"3TSML041P",0.131268272748656,"bright",181.746031746032,164.047619047619,145.063492063492,"3","Temae","5 m","P. mea","Adult",41
"3TSML046P",0.808656515687768,"dark",40.2621359223301,44.5631067961165,55.4733009708738,"3","Temae","5 m","P. mea","Adult",46
"3TSML046P",0.808656515687768,"mid",97.0962627406569,115.966024915062,133.687429218573,"3","Temae","5 m","P. mea","Adult",46
"3TSML046P",0.808656515687768,"bright",141.61134751773,179.304964539007,208.358865248227,"3","Temae","5 m","P. mea","Adult",46
"3TSML048P",0.809358180806465,"dark",28.0021786492375,40.5925925925926,56.8779956427015,"3","Temae","5 m","P. mea","Adult",48
"3TSML048P",0.809358180806465,"mid",78.3011695906433,105.423976608187,129.444444444444,"3","Temae","5 m","P. mea","Adult",48
"3TSML048P",0.809358180806465,"bright",128.891481913652,179.22170361727,217.698949824971,"3","Temae","5 m","P. mea","Adult",48
"3TSML052P",0.491323805485038,"dark",39.3428571428571,40.4964285714286,46.7285714285714,"3","Temae","5 m","P. mea","Adult",52
"3TSML052P",0.491323805485038,"mid",97.7544426494346,110.18901453958,121.492730210016,"3","Temae","5 m","P. mea","Adult",52
"3TSML052P",0.491323805485038,"bright",155.26431181486,190.828258221681,217.611449451888,"3","Temae","5 m","P. mea","Adult",52
"3TSML054P",1.73273521093778,"dark",23.7012987012987,27.3998632946001,45.8892686261107,"3","Temae","5 m","P. mea","Adult",54
"3TSML054P",1.73273521093778,"mid",73.6741154562384,83.0800744878957,107.778398510242,"3","Temae","5 m","P. mea","Adult",54
"3TSML055P",0.523185643071501,"dark",15.2325949367089,37.5348101265823,47.4082278481013,"3","Temae","5 m","P. mea","Adult",55
"3TSML055P",0.523185643071501,"mid",56.7728813559322,107.76779661017,123.869491525424,"3","Temae","5 m","P. mea","Adult",55
"3TSML055P",0.523185643071501,"bright",121.407455012853,192.688946015424,216.476863753213,"3","Temae","5 m","P. mea","Adult",55
"3TSML056P",0.432939715049807,"dark",20.4418262150221,33.4742268041237,37.1443298969072,"3","Temae","5 m","P. mea","Adult",56
"3TSML056P",0.432939715049807,"mid",66.5484460694698,108.2760511883,125.257769652651,"3","Temae","5 m","P. mea","Adult",56
"3TSML056P",0.432939715049807,"bright",131.072351421189,192.675710594315,216.3165374677,"3","Temae","5 m","P. mea","Adult",56
"3TSML057P",3.06652359777563,"dark",6.50252951096121,22.3591905564924,56.4198988195616,"3","Temae","5 m","P. mea","Adult",57
"3TSML057P",3.06652359777563,"mid",29.4612903225806,69.4548387096774,125.68064516129,"3","Temae","5 m","P. mea","Adult",57
"3TSML057P",3.06652359777563,"bright",78.8259212198221,149.473951715375,220.411689961881,"3","Temae","5 m","P. mea","Adult",57
"3TSML058P",1.92392026578073,"dark",43.760532150776,44.0776053215078,34.3170731707317,"3","Temae","5 m","P. mea","Adult",58
"3TSML058P",1.92392026578073,"mid",105.590038314176,121.718390804598,107.507662835249,"3","Temae","5 m","P. mea","Adult",58
"3TSML058P",1.92392026578073,"bright",171.556962025316,209.609542356378,209.997078870497,"3","Temae","5 m","P. mea","Adult",58
"3TSML059P",1.17614626476391,"dark",39.9,42.2,42.1767441860465,"3","Temae","5 m","P. mea","Adult",59
"3TSML059P",1.17614626476391,"mid",105.54028436019,117.437203791469,119.863744075829,"3","Temae","5 m","P. mea","Adult",59
"3TSML059P",1.17614626476391,"bright",155.304054054054,182.246621621622,195.02027027027,"3","Temae","5 m","P. mea","Adult",59
"3TSML060P",2.06188629694786,"dark",41.43669250646,41.4186046511628,42.3617571059432,"3","Temae","5 m","P. mea","Adult",60
"3TSML060P",2.06188629694786,"mid",114.917168674699,123.284638554217,118.109939759036,"3","Temae","5 m","P. mea","Adult",60
"3TSML060P",2.06188629694786,"bright",176.876712328767,201.373024236038,207.510010537408,"3","Temae","5 m","P. mea","Adult",60
"3TSML061P",1.59582184414994,"dark",47.9457994579946,31.2615176151762,21.5474254742547,"3","Temae","5 m","P. mea","Adult",61
"3TSML061P",1.59582184414994,"mid",130.386058981233,104.054959785523,78.1045576407507,"3","Temae","5 m","P. mea","Adult",61
"3TSML061P",1.59582184414994,"bright",199.808139534884,168.257751937984,134.668604651163,"3","Temae","5 m","P. mea","Adult",61
"3TSML062P",0.950056828863936,"dark",46.8530805687204,41.9218009478673,34.3151658767773,"3","Temae","5 m","P. mea","Adult",62
"3TSML062P",0.950056828863936,"mid",121.04486251809,120.740955137482,108.150506512301,"3","Temae","5 m","P. mea","Adult",62
"3TSML062P",0.950056828863936,"bright",194.942502818489,210.393461104848,210.657271702368,"3","Temae","5 m","P. mea","Adult",62
"3TSML063P",1.45316875088225,"dark",43.478813559322,31.3146186440678,20.228813559322,"3","Temae","5 m","P. mea","Adult",63
"3TSML063P",1.45316875088225,"mid",126.282375851996,107.058422590068,86.8033106134372,"3","Temae","5 m","P. mea","Adult",63
"3TSML063P",1.45316875088225,"bright",174.241379310345,153.896551724138,135.896551724138,"3","Temae","5 m","P. mea","Adult",63
"3TSML064P",1.00183305065265,"dark",44.0618374558304,31.8144876325088,26.482332155477,"3","Temae","5 m","P. mea","Adult",64
"3TSML064P",1.00183305065265,"mid",129.428237129485,108.85023400936,94.3393135725429,"3","Temae","5 m","P. mea","Adult",64
"3TSML064P",1.00183305065265,"bright",179.526315789474,154.782894736842,140.230263157895,"3","Temae","5 m","P. mea","Adult",64
"3TSPL004P",2.42611874716827,"dark",27.2373540856031,28.8443579766537,42.7976653696498,"3","Temae","5 m","P. ver","Adult",4
"3TSPL004P",2.42611874716827,"mid",109.769366197183,115.036971830986,130.859154929577,"3","Temae","5 m","P. ver","Adult",4
"3TSPL004P",2.42611874716827,"bright",190.355119825708,181.908496732026,173.13834422658,"3","Temae","5 m","P. ver","Adult",4
"3TSPL019P",1.38814668357232,"dark",29.7140410958904,28.4332191780822,40.6472602739726,"3","Temae","5 m","P. ver","Adult",19
"3TSPL019P",1.38814668357232,"mid",111.172214182344,109.901591895803,122.149059334298,"3","Temae","5 m","P. ver","Adult",19
"3TSPL019P",1.38814668357232,"bright",212.965517241379,187.910344827586,169.980689655172,"3","Temae","5 m","P. ver","Adult",19
"3TSPL020P",1.55104552233747,"dark",26.6692607003891,35.0466926070039,44.568093385214,"3","Temae","5 m","P. ver","Adult",20
"3TSPL020P",1.55104552233747,"mid",77.9932126696833,106.373303167421,129.52036199095,"3","Temae","5 m","P. ver","Adult",20
"3TSPL020P",1.55104552233747,"bright",152.198308993082,204.105303612606,231.556495003843,"3","Temae","5 m","P. ver","Adult",20
"3TSPL021P",0.939116476174078,"dark",19.2337164750958,31.9770114942529,54.0727969348659,"3","Temae","5 m","P. ver","Adult",21
"3TSPL021P",0.939116476174078,"mid",69.730407523511,97.3009404388715,128.401253918495,"3","Temae","5 m","P. ver","Adult",21
"3TSPL021P",0.939116476174078,"bright",157.25,212.95,238.649295774648,"3","Temae","5 m","P. ver","Adult",21
"3TSPL032P",2.17056472050932,"dark",40.4421052631579,25.5438596491228,28.9666666666667,"3","Temae","5 m","P. ver","Adult",32
"3TSPL032P",2.17056472050932,"mid",124.949317738791,96.1656920077973,91.8849902534113,"3","Temae","5 m","P. ver","Adult",32
"3TSPL032P",2.17056472050932,"bright",217.998909487459,177.047982551799,156.034896401309,"3","Temae","5 m","P. ver","Adult",32
"3TSPL063P",1.27880814054379,"dark",43.9612756264237,30.3439635535308,34.2346241457859,"3","Temae","5 m","P. ver","Adult",63
"3TSPL063P",1.27880814054379,"mid",135.9035639413,105.885744234801,107.517819706499,"3","Temae","5 m","P. ver","Adult",63
"3TSPL063P",1.27880814054379,"bright",192.799011532125,154.827018121911,153.840197693575,"3","Temae","5 m","P. ver","Adult",63
"3TSPL067P",2.69516980188047,"dark",23.6439393939394,32.1565656565657,46.2575757575758,"3","Temae","5 m","P. ver","Adult",67
"3TSPL067P",2.69516980188047,"mid",82.3453608247423,105.157216494845,128.786082474227,"3","Temae","5 m","P. ver","Adult",67
"3TSPL067P",2.69516980188047,"bright",150.209703947368,199.517269736842,232.498355263158,"3","Temae","5 m","P. ver","Adult",67
"3TSPL068P",1.47785299171818,"dark",46.682320441989,26.9364640883978,25.7983425414365,"3","Temae","5 m","P. ver","Adult",68
"3TSPL068P",1.47785299171818,"mid",130.194748358862,86.4157549234136,75.8643326039387,"3","Temae","5 m","P. ver","Adult",68
"3TSPL068P",1.47785299171818,"bright",229.174428450466,174.764606265876,156.307366638442,"3","Temae","5 m","P. ver","Adult",68
"3TSPL069P",2.0588273903512,"dark",33.3653136531365,31.6826568265683,40.9889298892989,"3","Temae","5 m","P. ver","Adult",69
"3TSPL069P",2.0588273903512,"mid",106.406542056075,109.689252336449,121.385514018692,"3","Temae","5 m","P. ver","Adult",69
"3TSPL069P",2.0588273903512,"bright",203.844660194175,223.393203883495,233.355339805825,"3","Temae","5 m","P. ver","Adult",69
"3TSPL070P",2.16653441998087,"dark",41.6654064272212,37.6389413988658,32.8582230623819,"3","Temae","5 m","P. ver","Adult",70
"3TSPL070P",2.16653441998087,"mid",127.452076677316,119.285942492013,102.193290734824,"3","Temae","5 m","P. ver","Adult",70
"3TSPL070P",2.16653441998087,"bright",213.647337278107,203.595266272189,174.480473372781,"3","Temae","5 m","P. ver","Adult",70
"3TSPL071P",1.41787827037827,"dark",42.7990074441687,34.9057071960298,38.409429280397,"3","Temae","5 m","P. ver","Adult",71
"3TSPL071P",1.41787827037827,"mid",131.303587856486,124.70009199632,127.249310027599,"3","Temae","5 m","P. ver","Adult",71
"3TSPL071P",1.41787827037827,"bright",181.105882352941,171.91568627451,160.880392156863,"3","Temae","5 m","P. ver","Adult",71
"3TSPL072P",1.55048002195543,"dark",30.0521091811414,37.2655086848635,43.1538461538462,"3","Temae","5 m","P. ver","Adult",72
"3TSPL072P",1.55048002195543,"mid",90.4273127753304,112.042584434655,129.541850220264,"3","Temae","5 m","P. ver","Adult",72
"3TSPL072P",1.55048002195543,"bright",122.478165938865,160.731441048035,206.951965065502,"3","Temae","5 m","P. ver","Adult",72
"3TSPL073P",2.26158571737793,"dark",12.3003802281369,26.1026615969582,64.1787072243346,"3","Temae","5 m","P. ver","Adult",73
"3TSPL073P",2.26158571737793,"mid",47.1729323308271,78.8370927318296,125.664160401003,"3","Temae","5 m","P. ver","Adult",73
"3TSPL073P",2.26158571737793,"bright",126.282511210762,204.716741405082,241.337070254111,"3","Temae","5 m","P. ver","Adult",73
"3TSPL074P",2.62865736079943,"dark",31.2264150943396,37.3443396226415,41.6155660377358,"3","Temae","5 m","P. ver","Adult",74
"3TSPL074P",2.62865736079943,"mid",96.158950617284,115.634259259259,123,"3","Temae","5 m","P. ver","Adult",74
"3TSPL074P",2.62865736079943,"bright",150.286637931034,188.648706896552,214.536637931034,"3","Temae","5 m","P. ver","Adult",74
"3TSPL075P",1.80081719577592,"dark",24.4714828897338,35.8783269961977,51.6844106463878,"3","Temae","5 m","P. ver","Adult",75
"3TSPL075P",1.80081719577592,"mid",75.967845659164,100.154340836013,125.565916398714,"3","Temae","5 m","P. ver","Adult",75
"3TSPL075P",1.80081719577592,"bright",158.245441795231,212.511220196353,241.507713884993,"3","Temae","5 m","P. ver","Adult",75
"3TSPL076P",2.16422571435989,"dark",11.4716049382716,29.558024691358,52.2691358024691,"3","Temae","5 m","P. ver","Adult",76
"3TSPL076P",2.16422571435989,"mid",41.0722222222222,90.4777777777778,128.016666666667,"3","Temae","5 m","P. ver","Adult",76
"3TSPL076P",2.16422571435989,"bright",106.538461538462,201.491497975709,240.037246963563,"3","Temae","5 m","P. ver","Adult",76
"3TSPL077P",1.06811510346932,"dark",38.0774410774411,34.4848484848485,44.5488215488216,"3","Temae","5 m","P. ver","Adult",77
"3TSPL077P",1.06811510346932,"mid",136.71307120085,130.300743889479,138.121147715197,"3","Temae","5 m","P. ver","Adult",77
"3TSPL077P",1.06811510346932,"bright",182.847769028871,170.817585301837,162.400262467192,"3","Temae","5 m","P. ver","Adult",77
"3TSPL078P",1.44491216418591,"dark",37.2833333333333,27.3083333333333,55.2041666666667,"3","Temae","5 m","P. ver","Adult",78
"3TSPL078P",1.44491216418591,"mid",97.926267281106,87.9239631336406,128.52534562212,"3","Temae","5 m","P. ver","Adult",78
"3TSPL078P",1.44491216418591,"bright",172.20060331825,188.30467571644,236.96455505279,"3","Temae","5 m","P. ver","Adult",78
"3TSPL079P",1.10690003611151,"dark",42.0919540229885,34.2614942528736,39.3247126436782,"3","Temae","5 m","P. ver","Adult",79
"3TSPL079P",1.10690003611151,"mid",133.495821727019,120.257660167131,118.887186629526,"3","Temae","5 m","P. ver","Adult",79
"3TSPL079P",1.10690003611151,"bright",188.837259100642,174.009635974304,163.234475374732,"3","Temae","5 m","P. ver","Adult",79
"3TSPL080P",0.401994601151347,"dark",16.8009708737864,27.5,52.5,"3","Temae","5 m","P. ver","Adult",80
"3TSPL080P",0.401994601151347,"mid",61.6574394463668,93.0968858131488,132.297577854671,"3","Temae","5 m","P. ver","Adult",80
"3TSPL080P",0.401994601151347,"bright",122.066445182724,184.037209302326,235.919601328904,"3","Temae","5 m","P. ver","Adult",80
"3TSPL081P",1.85996528098444,"dark",38.6513157894737,21.8969298245614,47.8552631578947,"3","Temae","5 m","P. ver","Adult",81
"3TSPL081P",1.85996528098444,"mid",115.29504950495,92.8851485148515,135.56897689769,"3","Temae","5 m","P. ver","Adult",81
"3TSPL081P",1.85996528098444,"bright",170.068965517241,139.241379310345,163.448275862069,"3","Temae","5 m","P. ver","Adult",81
"BTSAL049P",1.1442196358186,"dark",53.319932998325,33.2261306532663,29.1139028475712,"B","Temae","5 m","A. hya","Adult",49
"BTSAL049P",1.1442196358186,"mid",125.152462121212,88.8409090909091,79.0227272727273,"B","Temae","5 m","A. hya","Adult",49
"BTSAL049P",1.1442196358186,"bright",202.720461095101,150.109510086455,131.040345821326,"B","Temae","5 m","A. hya","Adult",49
"BTSAL050P",1.15623055503702,"dark",42.675,33.2923076923077,24.6057692307692,"B","Temae","5 m","A. hya","Adult",50
"BTSAL050P",1.15623055503702,"mid",114.230192719486,104.678800856531,104.557815845824,"B","Temae","5 m","A. hya","Adult",50
"BTSAL050P",1.15623055503702,"bright",171.846153846154,162.192307692308,153.846153846154,"B","Temae","5 m","A. hya","Adult",50
"BTSAL051P",2.53373632174108,"dark",43.9702276707531,32.5429071803853,34.0490367775832,"B","Temae","5 m","A. hya","Adult",51
"BTSAL051P",2.53373632174108,"mid",128.30029154519,103.374635568513,94.9139941690962,"B","Temae","5 m","A. hya","Adult",51
"BTSAL051P",2.53373632174108,"bright",215.149394347241,174.481830417227,152.781965006729,"B","Temae","5 m","A. hya","Adult",51
"BTSAL052P",1.78893515882283,"dark",54.2185128983308,38.3550834597876,31.2943854324734,"B","Temae","5 m","A. hya","Adult",52
"BTSAL052P",1.78893515882283,"mid",127.509380863039,107.596622889306,98.343339587242,"B","Temae","5 m","A. hya","Adult",52
"BTSAL052P",1.78893515882283,"bright",185.981818181818,167.829090909091,159.967272727273,"B","Temae","5 m","A. hya","Adult",52
"BTSAL053P",2.19711536986942,"dark",48.4518272425249,44.8527131782946,32.9235880398671,"B","Temae","5 m","A. hya","Adult",53
"BTSAL053P",2.19711536986942,"mid",118.075139146568,99.626159554731,81.621521335807,"B","Temae","5 m","A. hya","Adult",53
"BTSAL053P",2.19711536986942,"bright",174.894736842105,139.631578947368,117.105263157895,"B","Temae","5 m","A. hya","Adult",53
"BTSAL054P",1.41844671910481,"dark",50.0416666666667,37.1558641975309,26.6450617283951,"B","Temae","5 m","A. hya","Adult",54
"BTSAL054P",1.41844671910481,"mid",130.003273322422,103.855973813421,84.3977086743044,"B","Temae","5 m","A. hya","Adult",54
"BTSAL054P",1.41844671910481,"bright",182.238461538462,146.561538461538,119.738461538462,"B","Temae","5 m","A. hya","Adult",54
"BTSAL056P",1.58991952160143,"dark",28.6945488721805,29.4154135338346,34.4088345864662,"B","Temae","5 m","A. hya","Adult",56
"BTSAL056P",1.58991952160143,"mid",85.9764705882353,92.7048128342246,113.511229946524,"B","Temae","5 m","A. hya","Adult",56
"BTSAL057P",0.95296992894199,"dark",50.3217623497997,39.5287049399199,31.8144192256342,"B","Temae","5 m","A. hya","Adult",57
"BTSAL057P",0.95296992894199,"mid",118.748984565394,107.822095857027,107.1925264013,"B","Temae","5 m","A. hya","Adult",57
"BTSAL057P",0.95296992894199,"bright",162.85,154.35,162.05,"B","Temae","5 m","A. hya","Adult",57
"BTSAL058P",1.5901775663177,"dark",29.0320069204152,31.8347750865052,20.1487889273356,"B","Temae","5 m","A. hya","Adult",58
"BTSAL058P",1.5901775663177,"mid",121.576633165829,125.405778894472,105.378140703518,"B","Temae","5 m","A. hya","Adult",58
"BTSAL058P",1.5901775663177,"bright",175.625,175.6875,150.395833333333,"B","Temae","5 m","A. hya","Adult",58
