filename,b
2024_04_15_3ESAL13_P4150108_JPG.rf.a26272133760bbfd285ab1b070df1ce3.jpg,
2024_04_16_3ESAL09_P4160206_JPG.rf.44a1c7cf59e16b3a5b503a5c81e5de3f.jpg,
2024_04_16_3ESAL81_P4160183_JPG.rf.a6ac71bec70cd0dd3080391c94261533.jpg,
2024_04_17_3ESAL093_P4170340_jpeg.rf.c980a7e16774a9251af4f6461319532f.jpg,
2024_04_17_3ESAL22_P4170381_JPG.rf.bfb3c19b31fc5e05299b61d980f89354.jpg,
2024_04_17_3ESAL25_P4170384_JPG.rf.cd348fce5bf4528cf4ba6657fa4672c6.jpg,no detection??
2024_04_17_3ESAL89_P4170273_JPG.rf.338a0aa728cae61e357e64cd74338471.jpg,
2024_04_17_3ESAL91_P4170329_JPG.rf.abe9eee0f40816f3a42ea581db00c722.jpg,
2024_04_17_3ESAL92_P4170336_JPG.rf.c064cabe0376d6049c013c3e11eb3c09.jpg,
2024_04_17_3ESAL97_P4170366_JPG.rf.194fa8455772276e0c47122b0fc4ea6e.jpg,
2024_04_18_3TSAL09_P4180411_JPG.rf.80594eab572c73a0eb66c4f34bc179a0.jpg,
2024_04_18_3TSAL80_P4180438_JPG.rf.e6250c184c61fb0a8df0293678b68623.jpg,
2024_04_22_3ESAL72_P4220748_JPG.rf.ef6a4e2d7f25092ee730aa6da9e11b0a.jpg,
2024_04_22_3ESAL73_P4220756_JPG.rf.b13894f9b2648688b5b494f3b666db05.jpg,
2024_04_22_3ESAL75_P4220772_JPG.rf.205755877b08839c4bf77b1ce5725a56.jpg,
2024_04_23_3TSAL039_P4230805_JPG.rf.0e30630b3328340f91fe7dbebd38b378,
2024_04_23_3TSAL044_P4230840_JPG.rf.2a7814e809d7b40cb0d20efbea776399.jpg,
2024_04_25_3TSAL050_P4251232_JPG.rf.5afbc315f126ab3fccd5428576474f05.jpg,
2024_04_25_3TSAL067_P4251299_JPG.rf.e8795606b459f8f014500d96c5af4cdb.jpg,
2024_04_25_3TSAL077_P4251302_JPG.rf.f2332a521689f635bde91969acd91e36.jpg,
2024_04_25_3TSAL078_P4251304_JPG.rf.779652378e5c8bcb39c320dd9d918274.jpg,
2024_04_25_3TSAL083_P4251328_JPG.rf.a8006e0b74b739d337b5954dd1857f11.jpg,
2024_04_25_3TSAL084_P4251331_JPG.rf.9785e23f8b84cb803fdae5edf487f907.jpg,
2024_04_25_3TSAL085_P4251334_JPG.rf.e0b321664c237ad38b429ba59a70ba1b.jpg,
2024_04_25_3TSML046_P4251366_JPG.rf.4d57c939696c700ad9a6e48f8fbeb775.jpg,
2024_04_25_3TSML048_P4251338_JPG.rf.486ba8d63aacd84bea45040258d62d67.jpg,
2024_04_25_3TSML052_P4251353_JPG.rf.e61b93e400a27d880b84fd4596147fc3.jpg,
2024_04_26_3TSML017_P4261423_JPG.rf.b477350b544c0d12f648894390b5ad65.jpg,
2024_04_26_3TSML026_P4261405_JPG.rf.0bec4e8a1951d1ec57eeaf1edcc3a6d3.jpg,
2024_04_26_3TSML039_P4261428_JPG.rf.88a4a0e52be7d672bc9b3b541b9e566e.jpg,
2024_04_26_3TSML055_P4261392_JPG.rf.3dbab7f9f2dd793de4718dd81bdc5ee9.jpg,
2024_04_26_3TSML056_P4261401_JPG.rf.44cdec8010ba41ce3e86167b4fc29e11.jpg,
2024_04_26_3TSPL020_P4261463_JPG.rf.b52343bbdc419dd35af53ae2346a8d37.jpg,
2024_04_26_3TSPL021_P4261451_JPG.rf.fb4525b8917384741ac2198552564b15.jpg,
2024_04_29_3ESPL020_P4291469_JPG.rf.17f5c62a21fe64ba391ce96cf1d2acaf.jpg,
2024_04_29_3ESPL048_P4291511_JPG.rf.3b9d6cad13fe6991bfe07d952324ee20.jpg,
2024_04_29_3ESPL050_P4291540_JPG.rf.f3da3c3c8700bcf4efcee5617c8e6be9.jpg,
2024_04_29_3ESPL054_P4291491_JPG.rf.21750832fb869a3407337e7749441645,
2024_04_29_3ESPL055_P4291496_JPG.rf.00c13b014481db0e1b93b5d39c897df0.jpg,
2024_04_29_3ESPL056_P4291530_JPG.rf.e393b4d13518f4a6510a4bbe1131eb4a.jpg,
2024_04_30_3ESML057_P4301764_JPG.rf.7dbfa8d9c3eecb162f750ddddcb150fe.jpg,
2024_04_30_3ESML058_P4301767_JPG.rf.8f147d1d62ff11457e472e1e7b4c4ad6.jpg,
2024_04_30_3ESML059_P4301771_JPG.rf.7bdeab97aa5cd69ba9454bdea30be2e2.jpg,
2024_04_30_3ESML060_P4301782_JPG.rf.cfa7f4ebeac3102b5ad87a1bb27b7074.jpg,
2024_04_30_3ESML062_P4301785_JPG.rf.a433f40a25ff4e618199c685fb310be3.jpg,
2024_04_30_3ESML065_P4301793_JPG.rf.f8f054ed7c7585a59b86bdb35847115e.jpg,
2024_04_30_3ESML066_P4301797_JPG.rf.039d175a74a81e3ec89be260ffcf5509.jpg,
2024_04_30_3ESPL057_P4301608_JPG.rf.802c375f8258649fd621ab5fd2411ae3.jpg,
2024_04_30_3ESPL059_P4301731_JPG.rf.2736a631f94a89ae15c760cf7660ca71.jpg,
2024_04_30_3ESPL060_P4301736_JPG.rf.de9aef8f99912803dc50c400ef164692.jpg,
2024_04_30_3ESPL061_P4301741_JPG.rf.a9bf0356a5b995909f239a0715bf9f33.jpg,
2024_04_30_3ESPL063_P4301753_JPG.rf.0d5f413e2d5be3f017add7917b9b68e0.jpg,
2024_05_02_3ESML067_P5021907_JPG.rf.580e0e9d6c8d7ce1d7a94822c9b0ee92.jpg,
2024_05_02_3ESML068_P5021911_JPG.rf.ce0c755899114bceed1778ee112a60ab.jpg,
2024_05_02_3ESML069_P5021914_JPG.rf.c04fde00171981df8b3549fb85f87088.jpg,
2024_05_02_3ESML070_P5021919_JPG.rf.f1e7849d39b085744d0caecf5675ffdf.jpg,
2024_05_02_3ESML073_P5021931_JPG.rf.b2affdcd44cecec1d3d70333b140bf7c.jpg,
2024_05_02_3ESPL043_P5022025_JPG.rf.278abb5fa5267e7d4bd8c270fabee098.jpg,
2024_05_10_3TSML032_P5102073_JPG.rf.969af1fd991e65c31996a651c6750b98.jpg,
2024_05_10_3TSML057_P5102063_JPG.rf.a1347f5de00972b7530bedb3a61cd8f9.jpg,
2024_05_10_3TSML058_P5102138_JPG.rf.aa07866e767919bb672e8cef1795bbbd.jpg,
2024_05_10_3TSML059_P5102201_JPG.rf.6d092e7447c15a9e8b1630ece08cb03e.jpg,
2024_05_10_3TSML062_P5102218_JPG.rf.dbe5854a7c9f682b046dc675aa6eda6c.jpg,
2024_05_10_3TSPL067_P5102032_JPG.rf.228b3874573fa47f56e601a1c4a9e40b.jpg,
2024_05_10_3TSPL069_P5102164_JPG.rf.d1db693174c72f2f56c075cf7fd0e050.jpg,
2024_05_10_3TSPL072_P5102269_JPG.rf.ef86334c544618a921d50fb87db1ac3b.jpg,
2024_05_10_3TSPL073_P5102278_JPG.rf.0a633905f5854d4334a9878d877ad43f.jpg,
2024_05_10_3TSPL074_P5102282_JPG.rf.dda067cc77480eb8192eb77499899c88.jpg,
2024_05_10_3TSPL075_P5102289_JPG.rf.add0d6229a28dadecdef2fb2e021c6b9.jpg,
2024_05_10_3TSPL076_P5102296_JPG.rf.96a4a7883b595ab32861d01de2378926.jpg,
2024_05_10_3TSPL078_P5102306_JPG.rf.899918dbba0a0226aeb435ed5e587c61.jpg,
2024_05_10_3TSPL080_P5102316_JPG.rf.8a1945f1ee4db6887f4c3b74d3874da6.jpg,
2024_05_12_3TSML060_P5102207_JPG.rf.74f5bde5e4bf070dc653904ba3b4a06e.jpg,