filename,prob
2023_08_09_2ESAL28_P8091024_JPG.rf.e74816550459cd39d6bf14a1c0806331.jpg,
2023_08_23_2TSAL41_P8232219_JPG.rf.0b797c557ecc6249f2015bc0870c2d26.jpg,
2023_08_04_2ESPL34_P8040449_JPG.rf.4110a5f63562449bf3b508a95e31297c.jpg,
2023_08_09_2ESAL33_P8090953_JPG.rf.baeb28ba1ad66b604ef91280bb3417eb.jpg,
2023_08_10_2ESAL05_P8101147_JPG.rf.7933a2dd77abae9b0f451d11305f8615.jpg,
2023_08_10_2ESAL08_P8111296_JPG.rf.74d3dea503ffabc0ce901f39f0b54518.jpg,
2023_08_03_2TSAL06_P8030325_JPG.rf.32a41e9e30672b1bf72d98df83f780b2.jpg,
2023_08_09_2ESAL27_P8091019_JPG.rf.2d9ddb0c481e9d844dfad186d59907c8.jpg,
2023_08_02_2ESPL22_P8020114_JPG.rf.1d4daa31d4b390829857c0cf34603040.jpg,
2024_03_19_BTSAL49_P3191186_JPG.rf.7304ddff9da83b506249b7e576fbcc22.jpg,
2023_08_09_2ESAL15_P8090982_JPG.rf.000091feab6c6849ff3e4a0fb99524b7.jpg,
2023_08_10_2ESAL04_P8101174_JPG.rf.f9ce55a5853ba4581d0ff98b84019cd7.jpg,
2023_08_03_2TSML26_P8030309_JPG.rf.b2a99448fbdee95d1389fa0c597332dc.jpg,
2023_08_02_2ESPL18_P8020099_JPG.rf.7f9432b98e28fd49a229b2966c36e816.jpg,
2023_08_21_2TSAL40_P8211891_JPG.rf.36b3d71cd094f78586ccf5164e9e9b1a.jpg,
2023_08_22_2TSML37_P8221978_JPG.rf.b3fe626276ca3dcafcf41862be4d4a2d.jpg,
2023_08_04_2ESML09_P8040387_JPG.rf.466e742030f4379717a39ff614e10bef.jpg,
2023_08_07_2TSML14_P8222016_JPG.rf.cf95ec05303201cb15d9b62c03b94eaa.jpg,
2023_08_23_2TSAL42_P8232225_JPG.rf.ca9f203803415eb6c718c25daf8787a9.jpg,
2024_03_20_BTSAL54_P3191274_JPG.rf.66975f3de2c0c9da4e4efb8a307fa8df.jpg,
2023_08_02_2ESML12_P8020011_JPG.rf.292ecc4eee123477beee3dd0771c6dbf.jpg,no detection
2023_08_22_2TSML34_P8221967_JPG.rf.75d200e9c605d28c669efd7a05327f6c.jpg,no detection